bfs_nummer,gemeinde,total_area,score_sum,mean_score
6621,Genève,18122505.970,84513245.682,4.663
6628,Lancy,4774218.534,21878178.802,4.583
6608,Carouge (GE),2696750.619,12141178.870,4.502
6613,Chêne-Bourg,1280732.546,5764756.610,4.501
5196,Massagno,739442.752,3281288.559,4.438
2701,Basel,23747749.554,103800296.478,4.371
6612,Chêne-Bougeries,4140265.429,18074661.781,4.366
5591,Renens (VD),2951254.056,12589384.246,4.266
6643,Vernier,7649423.357,31600428.532,4.131
6640,Thônex,3820313.826,15762780.450,4.126
5627,Chavannes-près-Renens,1648725.987,6638199.789,4.026
3215,Rorschach,1791417.995,7142170.192,3.987
261,Zürich,82078857.402,326322278.849,3.976
5120,Muralto,801830.741,3139053.385,3.915
6631,Onex,2784534.334,10895512.998,3.913
6623,Le Grand-Saconnex,4382138.205,17013117.087,3.882
5589,Prilly,2195193.416,8489063.974,3.867
351,Bern,37549991.833,144633929.424,3.852
2196,Fribourg,9022622.424,34527121.302,3.827
5586,Lausanne,29689893.353,113188572.321,3.812
5583,Crissier,3803274.274,14483555.073,3.808
2265,Kerzers,3052741.785,11593241.896,3.798
581,Interlaken,3197006.783,12125420.618,3.793
66,Opfikon,4645975.028,17492078.687,3.765
5890,Vevey,3487669.867,13096244.431,3.755
1061,Luzern,24318229.362,91213652.529,3.751
362,Ittigen,3742950.023,13972703.887,3.733
244,Geroldswil,1922047.428,6988355.759,3.636
5642,Morges,4902404.783,17686212.877,3.608
617,Niederhünigen,558618.153,2003881.183,3.587
371,Biel/Bienne,15929533.188,57097674.440,3.584
363,Ostermundigen,5507723.161,19630857.964,3.564
2769,Münchenstein,5958231.206,21224155.889,3.562
5590,Pully,6797900.518,24149524.623,3.552
2228,Villars-sur-Glâne,5470872.279,19330121.565,3.533
5225,Sorengo,846119.307,2989554.916,3.533
743,Nidau,1501003.409,5285479.303,3.521
6630,Meyrin,8946059.194,31475479.721,3.518
247,Schlieren,5498048.208,19264494.424,3.504
2765,Binningen,3923586.489,13660248.158,3.482
2762,Allschwil,5803999.988,20197798.838,3.480
4030,Killwangen,1168322.117,4061589.014,3.476
5162,Cadempino,762720.241,2647959.508,3.472
4021,Baden,12896200.898,44673199.744,3.464
1054,Ebikon,8661169.044,29879113.591,3.450
2601,Solothurn,5778076.569,19906195.090,3.445
6618,Confignon,2448929.088,8402079.662,3.431
2773,Reinach (BL),5540281.236,18851462.099,3.403
3203,St. Gallen,31319914.085,106540040.060,3.402
5584,Epalinges,3794484.589,12899965.935,3.400
6458,Neuchâtel,14916654.130,50599778.563,3.392
5167,Canobbio,1276150.846,4324685.634,3.389
1009,Werthenstein,1781944.667,6029256.938,3.384
2407,Oensingen,3492882.477,11801845.200,3.379
5624,Bussigny,3443110.541,11623005.271,3.376
612,Konolfingen,3508902.087,11839737.437,3.374
4671,Kreuzlingen,7777585.105,26152717.528,3.363
6217,Saint-Maurice,1445755.177,4858902.665,3.361
2703,Riehen,9217292.343,30935981.377,3.356
3296,Sargans,3295947.565,10970617.435,3.329
2766,Birsfelden,2312832.169,7693047.335,3.326
245,Oberengstringen,1992795.134,6610657.722,3.317
62,Kloten,10440296.263,34585742.930,3.313
6617,Cologny,5964971.593,19752453.061,3.311
2937,Neuhausen am Rheinfall,4440691.205,14556747.055,3.278
2767,Bottmingen,2470094.431,8084772.710,3.273
5938,Yverdon-les-Bains,9499431.198,30913409.087,3.254
5221,Savosa,745212.650,2422891.423,3.251
230,Winterthur,36648099.753,118814435.658,3.242
5250,Chiasso,3388810.855,10976498.489,3.239
2206,Marly,4732922.309,15323940.618,3.238
5724,Nyon,7163653.823,23065682.493,3.220
5588,Paudex,812406.586,2604758.862,3.206
53,Bülach,5857417.906,18776944.877,3.206
5495,Penthalaz,1828311.555,5853219.946,3.201
191,Dübendorf,9297212.688,29722912.197,3.197
5214,Porza,1495336.603,4780215.956,3.197
4001,Aarau,9929471.856,31645352.149,3.187
5635,Ecublens (VD),5418932.433,17245940.544,3.183
243,Dietikon,7917640.290,25123138.723,3.173
4946,Weinfelden,4781381.690,15165949.619,3.172
942,Thun,17626612.133,55870681.119,3.170
5231,Vezia,1356470.224,4295215.447,3.166
353,Bremgarten bei Bern,1776026.713,5621562.985,3.165
1107,Wolhusen,2667254.307,8440641.386,3.165
1059,Kriens,10440392.554,33019607.539,3.163
2939,Schaffhausen,17964847.025,56747358.155,3.159
6421,La Chaux-de-Fonds,14879711.892,46840581.989,3.148
6607,Bernex,9896486.547,31114741.409,3.144
4095,Brugg,6315294.986,19802577.044,3.136
2763,Arlesheim,3363874.922,10547315.070,3.135
69,Wallisellen,5397470.529,16921152.061,3.135
4045,Wettingen,5656491.448,17714763.797,3.132
141,Thalwil,4216870.799,13195740.198,3.129
356,Muri bei Bern,6379094.209,19956821.962,3.128
306,Lyss,5839831.601,18261047.237,3.127
6633,Plan-les-Ouates,5137790.770,16060121.460,3.126
361,Zollikofen,4631373.454,14464106.464,3.123
1708,Steinhausen,2955176.699,9228886.213,3.123
5210,Paradiso,1203458.440,3756181.885,3.121
4201,Lenzburg,4385251.592,13647233.553,3.112
6513,Laténa,5117749.460,15920631.794,3.111
29,Flurlingen,1452294.271,4510411.667,3.106
2771,Oberwil (BL),5299216.589,16434328.129,3.101
1024,Emmen,12557445.612,38810490.430,3.091
9328,Bodensee (SG),2520390.817,7781726.127,3.088
6297,Visp,5001642.349,15438888.761,3.087
6625,Hermance,2185716.290,6740453.106,3.084
3955,Landquart,3896006.401,12012680.313,3.083
5131,Tenero-Contra,2388506.925,7348130.827,3.076
249,Unterengstringen,2227469.247,6851253.576,3.076
2761,Aesch (BL),4267720.889,13095461.786,3.068
5242,Balerna,2241722.478,6868840.030,3.064
1103,Sursee,3805629.682,11658737.382,3.064
121,Wetzikon (ZH),8151252.985,24955951.564,3.062
6645,Veyrier,6372714.521,19501636.734,3.060
4436,Romanshorn,3835705.312,11726802.376,3.057
1711,Zug,13430304.907,41024403.620,3.055
5193,Magliaso,1477911.773,4509926.831,3.052
404,Burgdorf,7875483.024,23955881.767,3.042
4260,Stein (AG),2258718.202,6865901.040,3.040
4026,Ennetbaden,1745600.416,5303942.565,3.038
131,Adliswil,5517516.748,16746587.830,3.035
4137,Leimbach (AG),890905.136,2701124.308,3.032
5638,Lonay,2385271.894,7223709.092,3.028
135,Kilchberg (ZH),2573739.831,7791982.503,3.027
4029,Gebenstorf,3003241.951,9091800.828,3.027
2581,Olten,7597906.918,22923729.848,3.017
4034,Neuenhof,3379504.402,10189375.774,3.015
54,Dietlikon,2784899.550,8393984.572,3.014
4044,Untersiggenthal,3321143.129,9977708.522,3.004
5633,Echandens,2368654.131,7111846.364,3.002
5712,Coppet,2338935.124,7015099.677,2.999
2768,Ettingen,2493806.187,7475062.979,2.997
6606,Bellevue,3887916.016,11640724.163,2.994
739,Ipsach,1805360.955,5396343.645,2.989
5651,Villars-Sainte-Croix,1222637.662,3653325.896,2.988
6136,Martigny,6359847.260,18990107.274,2.986
4310,Koblenz,1612412.310,4810277.785,2.983
5587,Le Mont-sur-Lausanne,5772640.162,17191635.493,2.978
578,Gündlischwand,1334379.706,3972552.962,2.977
3427,Wil (SG),9521908.198,28306138.947,2.973
1707,Risch,7170852.182,21313541.346,2.972
197,Schwerzenbach,2225837.701,6615415.560,2.972
1362,Arth,7374024.423,21880444.739,2.967
355,Köniz,20451128.870,60605453.138,2.963
4040,Spreitenbach,5064972.037,14994822.501,2.960
5649,Tolochenaz,1549359.819,4586115.725,2.960
4009,Muhen,3340503.175,9873922.453,2.956
329,Langenthal,7162696.463,21157541.897,2.954
4013,Unterentfelden,2021746.065,5971118.693,2.953
5883,Corseaux,1355406.046,4001075.673,2.952
6634,Pregny-Chambésy,3887975.607,11475182.554,2.951
161,Zollikon,5734881.473,16812967.427,2.932
5257,Morbio Inferiore,1878538.584,5507258.821,2.932
2770,Muttenz,10056443.180,29481925.402,2.932
3340,Rapperswil-Jona,11203940.450,32802412.673,2.928
2775,Therwil,4514154.914,13205608.609,2.925
2861,Sissach,2979404.014,8705451.689,2.922
546,Münchenbuchsee,5545471.962,16182984.021,2.918
2829,Liestal,7528615.230,21962670.834,2.917
4123,Windisch,3301974.130,9617422.635,2.913
929,Hilterfingen,1594039.607,4638887.179,2.910
3022,Gais,3190403.724,9280466.481,2.909
6616,Collonge-Bellerive,6036776.362,17560104.829,2.909
5003,Cadenazzo,2759433.161,8026612.390,2.909
4027,Fislisbach,4423050.699,12856352.894,2.907
5412,Rennaz,1647510.678,4786139.718,2.905
444,Sonceboz-Sombeval,3058773.734,8880521.849,2.903
540,Jegenstorf,3059675.532,8882325.446,2.903
713,Tavannes,3061467.459,8885909.300,2.902
5886,Montreux,12925235.548,37504027.667,2.902
2148,Riaz,1974074.164,5727810.483,2.902
6636,Puplinge,2526123.144,7320448.350,2.898
4035,Niederrohrdorf,2198051.230,6361989.657,2.894
4038,Obersiggenthal,3727543.159,10782675.275,2.893
981,Niederbipp,5266292.185,15200303.774,2.886
2525,Kriegstetten,1088152.848,3140761.183,2.886
2534,Zuchwil,4070296.805,11747562.587,2.886
2824,Frenkendorf,1575509.728,4544597.237,2.885
2831,Pratteln,6576726.971,18919009.484,2.877
6711,Delémont,6507833.538,18718469.109,2.876
5192,Lugano,24699742.206,71039408.069,2.876
1507,Hergiswil (NW),4342025.314,12483027.924,2.875
4082,Wohlen (AG),6735028.599,19361667.962,2.875
4258,Rheinfelden,5802464.359,16664052.440,2.872
3901,Chur,16445053.818,47192555.498,2.870
4075,Rudolfstetten-Friedlisberg,2414206.529,6926137.355,2.869
4205,Othmarsingen,3003653.324,8611361.114,2.867
5729,Tannay,1113487.775,3190409.462,2.865
92,Oberglatt,2971614.967,8512254.126,2.865
5113,Locarno,7239211.959,20697058.070,2.859
3443,Gossau (SG),9476563.545,27093225.862,2.859
2198,Granges-Paccot,3131489.319,8947147.546,2.857
3733,Tamins,1387007.323,3961952.592,2.856
4506,Sulgen,3226409.496,9215793.373,2.856
5643,Préverenges,2244486.565,6402281.283,2.852
4198,Hendschiken,1116529.423,3181324.753,2.849
939,Steffisburg,6804288.540,19384902.307,2.849
5189,Lamone,1465562.131,4169456.028,2.845
2546,Grenchen,7043977.719,20036500.029,2.844
1703,Hünenberg,6162234.004,17526890.178,2.844
4289,Zofingen,5687784.452,16155861.473,2.840
7001,Vaduz,5545266.735,15745303.000,2.839
14,Wettswil am Albis,2996550.327,8507882.556,2.839
2822,Augst,1329705.932,3771456.201,2.836
785,Meiringen,3378920.520,9583259.194,2.836
5822,Payerne,3308117.197,9379208.775,2.835
4083,Zufikon,2701325.617,7650062.960,2.832
4007,Hirschthal,1217528.530,3445569.555,2.830
4871,Wagenhausen,3452963.157,9770951.746,2.830
496,Ins,3585710.430,10143237.166,2.829
6619,Corsier (GE),2464006.670,6967225.918,2.828
96,Regensdorf,7211397.541,20389982.372,2.827
193,Fällanden,4561678.921,12895198.633,2.827
2125,Bulle,8546146.864,24156026.714,2.827
192,Egg,7183640.094,20301492.620,2.826
6153,Monthey,7174831.048,20265187.456,2.824
250,Urdorf,4409789.012,12440214.745,2.821
118,Rüti (ZH),4546432.970,12807473.592,2.817
4037,Oberrohrdorf,1696495.845,4771750.361,2.813
5581,Belmont-sur-Lausanne,1657768.514,4660369.597,2.811
5401,Aigle,7688312.535,21610944.240,2.811
700,Moutier,3595073.762,10105281.169,2.811
544,Moosseedorf,1883785.645,5292903.455,2.810
198,Uster,15255102.038,42812987.841,2.806
1201,Altdorf (UR),5687161.315,15959542.661,2.806
4062,Berikon,2343272.788,6563267.163,2.801
3001,Herisau,10544027.281,29526400.431,2.800
4252,Kaiseraugst,2158607.185,6042301.098,2.799
4210,Staufen,626357.465,1752678.547,2.798
5805,Oron,7446176.125,20819080.814,2.796
5254,Mendrisio,11241559.249,31428068.071,2.796
2517,Derendingen,3607343.309,10084950.469,2.796
160,Zumikon,3634296.364,10155626.735,2.794
1322,Freienbach,10429574.965,29137564.926,2.794
4271,Aarburg,3254308.882,9086460.897,2.792
3374,Lichtensteig,1075139.006,2995593.536,2.786
4003,Buchs (AG),2893786.117,8058560.678,2.785
1702,Cham,9651637.707,26862372.169,2.783
4140,Oberkulm,2427326.744,6752698.379,2.782
3315,Schänis,3882717.685,10785351.777,2.778
5521,Etagnières,2143039.083,5950103.804,2.776
4061,Arni (AG),2052835.401,5698599.459,2.776
6632,Perly-Certoux,1876757.996,5196963.126,2.769
5187,Gravesano,670224.388,1853275.745,2.765
751,Täuffelen,2719551.632,7515336.861,2.763
4141,Reinach (AG),2911183.477,8043231.113,2.763
358,Stettlen,2272383.926,6267980.783,2.758
750,Sutz-Lattrigen,2614781.957,7211593.615,2.758
870,Kehrsatz,2546019.012,7020798.166,2.758
199,Volketswil,6856350.402,18897861.573,2.756
3442,Gaiserwald,6108709.000,16830500.124,2.755
4309,Klingnau,2167167.905,5969785.680,2.755
352,Bolligen,4073355.935,11213731.946,2.753
3,Bonstetten,3142944.559,8651099.874,2.753
2583,Schönenwerd,2376600.116,6540735.050,2.752
4063,Bremgarten (AG),4677318.532,12859840.426,2.749
5001,Arbedo-Castione,2940491.123,8081533.117,2.748
4566,Frauenfeld,13588075.116,37338894.226,2.748
5592,Romanel-sur-Lausanne,1700675.285,4673187.199,2.748
5585,Jouxtens-Mézery,1436857.291,3947340.864,2.747
3023,Speicher,4172209.373,11456315.828,2.746
56,Embrach,4392966.118,12059733.483,2.745
4006,Gränichen,5141138.142,14112895.451,2.745
2096,Romont (FR),3320973.929,9116241.386,2.745
5749,Chavornay,3717153.937,10197282.255,2.743
594,Wilderswil,2473720.182,6785047.558,2.743
934,Oberhofen am Thunersee,1105422.346,3030875.611,2.742
1321,Feusisberg,5399157.557,14800438.965,2.741
4022,Bellikon,1617527.964,4432452.978,2.740
2500,Trimbach,2997192.510,8211143.019,2.740
5648,Saint-Sulpice (VD),2641363.957,7224988.067,2.735
2197,Givisiez,3054504.033,8351248.363,2.734
768,Spiez,8867756.814,24237263.822,2.733
1051,Adligenswil,4426167.046,12096174.600,2.733
5720,Givrins,1355218.213,3703094.750,2.732
3236,St. Margrethen,3430350.387,9365454.569,2.730
3101,Appenzell,3114042.759,8498934.269,2.729
733,Brügg,3420071.219,9307706.732,2.721
154,Küsnacht (ZH),6345361.497,17251350.506,2.719
4073,Oberlunkhofen,2422530.584,6581825.676,2.717
6416,Milvignes,5381119.470,14613530.576,2.716
4048,Würenlos,4565509.480,12398255.087,2.716
293,Wädenswil,12454673.405,33794980.754,2.713
3271,Buchs (SG),5056208.435,13718161.714,2.713
4163,Frick,3260894.487,8843688.741,2.712
5606,Lutry,6317025.614,17106350.144,2.708
1701,Baar,12368025.643,33487516.392,2.708
5141,Agno,2726845.965,7380596.701,2.707
2,Affoltern am Albis,4447806.259,12034833.997,2.706
3790,Silvaplana,5158170.411,13950463.610,2.705
6602,Anières,4265557.709,11521314.734,2.701
4146,Unterkulm,2776089.704,7497996.218,2.701
551,Urtenen-Schönbühl,3057199.526,8250920.391,2.699
151,Erlenbach (ZH),2069109.149,5581693.349,2.698
139,Rüschlikon,2628341.539,7084682.633,2.695
115,Gossau (ZH),7288273.402,19641880.539,2.695
5108,Gordola,2317004.596,6241309.480,2.694
5194,Manno,1552178.805,4175618.183,2.690
9051,Zürichsee (ZH),14817983.886,39860519.284,2.690
1065,Root,4710306.032,12669591.881,2.690
5408,Noville,2316598.774,6230572.741,2.690
3216,Rorschacherberg,2663629.449,7152932.597,2.685
3781,Bever,1158478.555,3110943.567,2.685
5002,Bellinzona,23589840.118,63322727.489,2.684
3379,Wattwil,7672182.592,20591426.123,2.684
406,Hasle bei Burgdorf,2515541.470,6750077.317,2.683
251,Weiningen (ZH),2681880.013,7192382.043,2.682
200,Wangen-Brüttisellen,3665836.990,9819190.778,2.679
5757,Orbe,3449087.990,9234540.032,2.677
5171,Caslano,1295811.111,3468399.652,2.677
2309,Wünnewil-Flamatt,2906105.220,7775129.605,2.675
794,Zweisimmen,4097566.303,10958106.987,2.674
4135,Gontenschwil,1778422.190,4750120.425,2.671
2323,Bossonnens,1415528.555,3780601.087,2.671
6002,Brig-Glis,5977946.577,15961994.041,2.670
4010,Oberentfelden,2476672.345,6612435.199,2.670
2473,Dornach,2302075.372,6145923.496,2.670
5186,Grancia,588083.269,1568371.612,2.667
4204,Niederlenz,1635934.248,4360601.972,2.666
3668,Thusis,1620700.209,4315700.810,2.663
7002,Triesen,4679509.042,12459911.379,2.663
1053,Dierikon,1216535.871,3238736.478,2.662
5212,Ponte Capriasca,980629.083,2610398.083,2.662
3953,Maienfeld,1849045.744,4917466.200,2.659
5582,Cheseaux-sur-Lausanne,2133632.369,5672426.160,2.659
27,Feuerthalen,2007658.957,5334675.281,2.657
616,Münsingen,5029502.960,13350968.893,2.655
4081,Widen,1907211.725,5058751.833,2.652
52,Bassersdorf,4820253.502,12785321.650,2.652
1040,Rothenburg,6367402.849,16883744.728,2.652
3232,Balgach,2452412.830,6502765.572,2.652
6220,Vérossaz,988830.210,2621416.088,2.651
6408,Cortaillod,2352447.247,6236142.690,2.651
2764,Biel-Benken,2475938.666,6561633.800,2.650
1055,Gisikon,668658.335,1771358.794,2.649
5115,Losone,3213605.110,8511256.121,2.649
2271,Meyriez,577327.147,1528528.184,2.648
1202,Andermatt,4279701.342,11322377.065,2.646
296,Illnau-Effretikon,7782662.898,20589764.247,2.646
3231,Au (SG),2326629.024,6155079.303,2.645
5148,Bedano,1347156.590,3561703.702,2.644
6729,Haute-Sorne,5185900.980,13708869.830,2.643
5176,Comano,1396584.356,3691253.939,2.643
4144,Schöftland,2939202.452,7767545.250,2.643
9155,Lac de Neuchâtel (NE),6760719.137,17853375.921,2.641
1052,Buchrain,3216571.234,8482995.231,2.637
2573,Dulliken,2186685.194,5763975.981,2.636
2702,Bettingen,1760202.497,4639547.230,2.636
3339,Uznach,4406238.452,11608447.568,2.635
4145,Teufenthal (AG),1287352.378,3390436.683,2.634
742,Mörigen,1695265.672,4457821.670,2.630
195,Maur,7684254.120,20171953.705,2.625
4008,Küttigen,4851808.534,12728684.556,2.623
5851,Allaman,1110356.558,2911590.285,2.622
1058,Horw,7097237.262,18605639.311,2.622
3204,Wittenbach,4235631.035,11100706.060,2.621
3787,St. Moritz,7431144.396,19468865.787,2.620
1364,Ingenbohl,6405648.891,16780035.833,2.620
3722,Domat/Ems,5516114.444,14444065.098,2.619
4280,Oftringen,4988289.899,13057024.884,2.618
7003,Balzers,4923318.641,12881249.201,2.616
4786,Wilen (TG),1007805.937,2633090.223,2.613
5718,Genolier,2532171.305,6608416.559,2.610
5723,Mies,1761979.159,4594676.876,2.608
5,Hedingen,1715987.498,4472873.932,2.607
2513,Biberist,4713915.640,12277597.742,2.605
6295,Täsch,1722075.446,4485049.827,2.604
4033,Mellingen,3123380.393,8130916.470,2.603
3024,Teufen (AR),7310428.242,19021660.102,2.602
1346,Schübelbach,5097755.908,13258194.737,2.601
3025,Trogen,2259002.786,5875136.114,2.601
5414,Villeneuve (VD),3146997.770,8182894.757,2.600
5091,Ascona,2592199.775,6739611.783,2.600
2471,Bättwil,1024369.957,2660526.973,2.597
6800,Porrentruy,4860772.056,12621697.646,2.597
5678,Moudon,2655800.397,6889627.275,2.594
4002,Biberstein,1491863.446,3869805.828,2.594
2846,Gelterkinden,2841491.495,7370651.842,2.594
1208,Göschenen,1760045.726,4560990.389,2.591
4147,Zetzwil,1335351.747,3460026.650,2.591
1709,Unterägeri,3452214.337,8943904.479,2.591
153,Hombrechtikon,4711218.317,12195207.080,2.589
4012,Suhr,3590705.499,9294580.668,2.589
6622,Genthod,3110183.663,8047180.934,2.587
7005,Schaan,5129671.625,13264097.776,2.586
4304,Döttingen,1109629.190,2868895.313,2.585
533,Bätterkinden,2382772.802,6155442.628,2.583
6436,Le Locle,6500054.031,16775003.519,2.581
51,Bachenbülach,1433458.078,3699182.565,2.581
3255,Rebstein,1674800.249,4319418.668,2.579
2825,Füllinsdorf,1873609.545,4830500.183,2.578
248,Uitikon,3359221.049,8653115.241,2.576
97,Rümlang,4114211.623,10581531.571,2.572
4032,Mägenwil,1797244.983,4616136.724,2.568
4092,Birr,1940329.603,4982401.921,2.568
5889,La Tour-de-Peilz,4020249.168,10321813.136,2.567
5518,Echallens,2691540.552,6904579.639,2.565
242,Birmensdorf (ZH),4460060.693,11431278.779,2.563
2964,Stein am Rhein,2063881.954,5287474.731,2.562
1372,Schwyz,9751787.336,24982702.785,2.562
5922,Montagny-près-Yverdon,1674867.854,4289701.248,2.561
3954,Malans,1733620.133,4434328.139,2.558
5118,Minusio,3576045.249,9141323.041,2.556
3213,Goldach,3210129.360,8203342.973,2.555
5281,Biasca,4583991.582,11713912.653,2.555
2586,Wangen bei Olten,1900969.486,4855070.626,2.554
1031,Hochdorf,3370197.436,8601286.863,2.552
5251,Coldrerio,1486485.488,3791850.217,2.551
3251,Altstätten,5648542.139,14380027.530,2.546
7007,Eschen,5231748.756,13315321.903,2.545
5891,Veytaux,1517586.226,3862158.885,2.545
5806,Jorat-Mézières,4416044.745,11230416.127,2.543
1341,Altendorf,3296021.815,8375425.569,2.541
6173,Bitsch,629709.189,1599724.717,2.540
3238,Widnau,3003713.096,7626354.963,2.539
5798,Ropraz,1134045.520,2878833.841,2.539
1406,Sachseln,2447571.134,6211573.276,2.538
4100,Hausen (AG),1609670.334,4080055.202,2.535
4305,Endingen,3284344.865,8316094.080,2.532
2497,Obergösgen,2322812.843,5877052.657,2.530
4206,Rupperswil,1965178.973,4971261.847,2.530
138,Richterswil,4211295.672,10652640.473,2.530
5226,Capriasca,3415635.362,8636936.251,2.529
5511,Assens,1972323.423,4985545.783,2.528
6266,Sion,16339846.257,41291163.756,2.527
157,Oetwil am See,3081177.578,7784418.725,2.526
5730,Trélex,2211760.754,5584835.132,2.525
3032,Heiden,3138344.049,7924289.017,2.525
5227,Torricella-Taverne,2089346.402,5274397.284,2.524
5628,Chigny,805249.105,2032316.491,2.524
4401,Arbon,4607524.018,11618553.682,2.522
6754,Le Noirmont,1997607.517,5036113.970,2.521
196,Mönchaltorf,2029158.352,5114161.616,2.520
5607,Puidoux,2004222.919,5049344.774,2.519
2183,Corminboeuf,2627812.279,6619425.939,2.519
2275,Murten,5471730.963,13776221.334,2.518
3962,Schiers,2011614.312,5064127.561,2.517
3947,Zizers,2485867.494,6257550.630,2.517
2293,Düdingen,7216624.872,18148227.260,2.515
6404,Boudry,5093686.170,12809338.694,2.515
4236,Muri (AG),2777998.191,6984951.260,2.514
1344,Lachen,1812236.122,4555853.726,2.514
3544,Bergün Filisur,2027781.301,5096461.537,2.513
861,Belp,6426727.700,16136685.385,2.511
359,Vechigen,4039174.603,10137334.746,2.510
3851,Davos,19837468.231,49761738.111,2.508
2143,Morlon,1301676.096,3264876.195,2.508
4049,Ehrendingen,2912865.785,7300491.195,2.506
6642,Vandoeuvres,3669025.539,9187686.516,2.504
2579,Hägendorf,1709284.555,4278729.166,2.503
10,Obfelden,3549826.370,8881724.043,2.502
4643,Bottighofen,880054.831,2201602.454,2.502
3234,Diepoldsau,2261869.227,5657869.161,2.501
4071,Jonen,1694780.416,4237047.799,2.500
5198,Melide,2077970.644,5194454.959,2.500
3253,Marbach (SG),1423699.216,3558509.544,2.499
5017,Sant'Antonino,2038521.587,5092878.905,2.498
9329,Bodensee (TG),4449267.782,11111711.052,2.497
401,Aefligen,451786.243,1127934.230,2.497
1342,Galgenen,2365614.849,5905370.222,2.496
5121,Orselina,706212.238,1762269.848,2.495
415,Lyssach,2540543.311,6338828.822,2.495
3575,Laax,3595838.694,8963971.190,2.493
2550,Langendorf,1572901.277,3920669.746,2.493
4074,Oberwil-Lieli,2241677.527,5587080.512,2.492
2503,Erlinsbach (SO),2800587.814,6979232.684,2.492
6611,Chancy,2608666.351,6499834.608,2.492
2543,Bettlach,3040506.349,7573198.434,2.491
2828,Lausen,2470386.566,6151879.594,2.490
2501,Winznau,1544175.295,3838040.351,2.485
6300,Zermatt,9253013.445,22996261.132,2.485
576,Grindelwald,11248565.879,27949433.227,2.485
1323,Wollerau,3844200.309,9548463.678,2.484
2160,Vuadens,2440788.020,6060356.582,2.483
736,Hagneck,570945.456,1416188.973,2.480
3506,Vaz/Obervaz,8439976.115,20933144.623,2.480
112,Bubikon,3836492.589,9510968.351,2.479
1093,Neuenkirch,5034067.347,12478781.508,2.479
5516,Cugy (VD),1392866.068,3452603.104,2.479
4139,Menziken,2298760.361,5694273.723,2.477
63,Lufingen,2124947.369,5262441.479,2.477
5861,Rolle,2239394.284,5545033.125,2.476
5885,Jongny,1338869.682,3314857.067,2.476
590,Ringgenberg (BE),1694213.155,4191957.459,2.474
2834,Ziefen,2278339.756,5636412.059,2.474
2576,Gretzenbach,2210030.727,5465905.414,2.473
1085,Geuensee,1542453.253,3812859.540,2.472
5268,Vacallo,934185.904,2307506.767,2.470
2772,Pfeffingen,1336460.990,3300579.214,2.470
5692,Vucherens,1125692.771,2779382.717,2.469
669,Münchenwiler,498754.568,1231100.598,2.468
4005,Erlinsbach (AG),3206397.423,7913372.058,2.468
7008,Mauren,4027894.880,9936929.720,2.467
3746,Zernez,4018176.040,9903847.230,2.465
1509,Stans,4016675.749,9898002.755,2.464
6614,Choulex,2465832.962,6076083.515,2.464
2530,Recherswil,1108116.490,2730244.163,2.464
577,Gsteigwiler,1073439.758,2643942.135,2.463
1213,Schattdorf,2885391.864,7106059.114,2.463
3785,La Punt Chamues-ch,1577477.106,3884610.119,2.463
5096,Brione sopra Minusio,398740.464,981668.850,2.462
158,Stäfa,5045257.905,12417978.984,2.461
4196,Fahrwangen,951413.550,2341320.336,2.461
4461,Amriswil,5646622.792,13893126.061,2.460
1207,Flüelen,2458820.544,6048482.325,2.460
2886,Hölstein,1347207.081,3312089.716,2.458
2519,Gerlafingen,1524205.685,3745766.090,2.458
2177,Chénens,571150.209,1402743.876,2.456
6248,Sierre,8128106.894,19952021.781,2.455
5112,Lavertezzo,895925.997,2199014.956,2.454
1407,Sarnen,3537131.093,8676178.856,2.453
1002,Entlebuch,523139.134,1282994.624,2.452
55,Eglisau,2384608.507,5847335.804,2.452
1063,Meggen,5190113.117,12726740.004,2.452
2891,Niederdorf,1072925.179,2630744.403,2.452
5785,Corcelles-le-Jorat,223316.056,547555.905,2.452
4696,Tägerwilen,3480596.542,8531036.007,2.451
2526,Lohn-Ammannsegg,1467816.011,3596175.661,2.450
5640,Lussy-sur-Morges,867321.561,2122889.620,2.448
321,Aarwangen,2300351.836,5629672.167,2.447
3786,Samedan,3132626.667,7666455.208,2.447
2308,Ueberstorf,2396526.248,5864630.649,2.447
136,Langnau am Albis,1991627.891,4870174.716,2.445
4486,Hauptwil-Gottshaus,557862.188,1362600.452,2.443
4104,Lupfig,2840888.426,6935959.273,2.441
116,Grüningen,2267348.675,5535530.210,2.441
291,Andelfingen,2334376.904,5697764.287,2.441
3235,Rheineck,1533897.643,3742770.489,2.440
5933,Valeyres-sous-Montagny,593369.095,1447413.427,2.439
606,Brenzikofen,575262.733,1403168.933,2.439
83,Buchs (ZH),1820933.580,4437427.508,2.437
1151,Willisau,5358075.549,13050225.971,2.436
885,Uttigen,627510.605,1527512.953,2.434
1098,Ruswil,8024704.850,19531847.354,2.434
5151,Bioggio,3455970.044,8410943.152,2.434
5909,Cheseaux-Noréaz,854652.546,2079792.989,2.433
354,Kirchlindach,4224311.269,10276593.967,2.433
3945,Trimmis,2724186.283,6626720.701,2.433
89,Niederglatt,1706296.176,4150391.442,2.432
176,Lindau,4218496.956,10259277.896,2.432
6644,Versoix,5763332.434,14013787.014,2.432
1095,Oberkirch,3021722.818,7346162.182,2.431
5613,Bourg-en-Lavaux,3693429.904,8978822.886,2.431
5632,Denges,1514701.605,3682193.885,2.431
587,Matten bei Interlaken,1535241.618,3731810.242,2.431
337,Roggwil (BE),3409036.161,8285494.206,2.430
1349,Wangen (SZ),3326548.862,8084372.812,2.430
745,Port,1562020.840,3795117.910,2.430
64,Nürensdorf,3729132.844,9059175.926,2.429
1216,Silenen,3989480.823,9685251.031,2.428
2544,Feldbrunnen-St. Niklaus,1022894.393,2482201.520,2.427
4282,Rothrist,4492120.761,10900766.602,2.427
3021,Bühler,1238399.286,3004661.050,2.426
1331,Küssnacht (SZ),6915369.746,16772812.812,2.425
6639,Soral,1093900.977,2652766.695,2.425
2832,Ramlinsburg,203029.408,492336.901,2.425
1206,Erstfeld,2991639.062,7251558.042,2.424
4320,Tegerfelden,1280517.742,3103740.898,2.424
13,Stallikon,5810874.101,14079128.203,2.423
4911,Bürglen (TG),2462355.618,5965610.173,2.423
4426,Kesswil,644760.984,1562025.249,2.423
1301,Einsiedeln,9297208.028,22521852.866,2.422
4751,Rickenbach (TG),1237255.626,2994370.769,2.420
5402,Bex,6650248.331,16086662.979,2.419
4801,Berlingen,480211.995,1160684.146,2.417
4312,Lengnau (AG),2203985.269,5322704.800,2.415
3721,Bonaduz,1381674.440,3336232.265,2.415
6246,Saint-Léonard,503604.369,1215951.746,2.414
6035,Sembrancher,664770.386,1605072.843,2.414
4826,Mammern,666033.816,1607599.704,2.414
2545,Flumenthal,663961.693,1602384.157,2.413
6213,Evionnaz,666653.412,1608838.896,2.413
2823,Bubendorf,4023063.127,9708377.746,2.413
4451,Uttwil,534396.648,1289103.035,2.412
4024,Birmenstorf (AG),3610196.772,8706907.699,2.412
2333,Remaufens,610690.137,1472791.908,2.412
241,Aesch (ZH),1246041.094,3004639.955,2.411
6603,Avully,2853566.356,6880586.548,2.411
338,Rohrbach,655873.204,1581141.699,2.411
3297,Vilters-Wangs,4064851.949,9798517.441,2.411
2553,Oberdorf (SO),1608422.588,3875790.257,2.410
786,Schattenhalb,733272.131,1766849.742,2.410
2408,Wolfwil,1665963.406,4013788.299,2.409
221,Hettlingen,1898852.252,4572973.841,2.408
5653,Vufflens-le-Château,1581793.567,3808959.352,2.408
2862,Tecknau,1053750.889,2536957.155,2.408
3871,Klosters,9891596.841,23814054.193,2.408
2892,Oberdorf (BL),1715416.831,4128566.078,2.407
156,Meilen,4002604.979,9629269.534,2.406
2893,Reigoldswil,2171833.638,5220709.005,2.404
5764,Vallorbe,3662900.187,8804785.005,2.404
4199,Holderbank (AG),683049.802,1641631.675,2.403
4203,Möriken-Wildegg,2561084.409,6154582.552,2.403
538,Fraubrunnen,4789406.653,11504506.341,2.402
6152,Collombey-Muraz,7423920.548,17832654.883,2.402
6706,Courchapoix,1349186.337,3240623.054,2.402
6291,Saas-Grund,2518252.397,6047605.651,2.402
420,Rüdtligen-Alchenflüh,908594.289,2181539.988,2.401
2481,Witterswil,1325316.555,3181070.720,2.400
5656,Hautemorges,4649606.261,11158425.721,2.400
2973,Trasadingen,674742.505,1618342.727,2.398
2574,Eppenberg-Wöschnau,691830.520,1659193.112,2.398
955,Lützelflüh,2959258.945,7097067.230,2.398
493,Finsterhennen,449250.910,1076902.768,2.397
1082,Büron,2014088.491,4827970.876,2.397
2787,Laufen,2827918.881,6775136.894,2.396
99,Schöfflisdorf,400407.601,959246.707,2.396
670,Neuenegg,2277111.523,5451928.534,2.394
4781,Wängi,2796619.041,6695366.367,2.394
863,Burgistein,411669.908,985463.610,2.394
1704,Menzingen,4437872.208,10622276.419,2.394
1102,Sempach,2516221.698,6022424.928,2.393
119,Seegräben,692696.811,1657912.211,2.393
4192,Boniswil,685759.681,1641306.082,2.393
3402,Flawil,3321894.731,7949964.950,2.393
1146,Wauwil,590011.889,1411949.426,2.393
231,Zell (ZH),2012190.267,4813764.129,2.392
155,Männedorf,2885322.208,6896793.298,2.390
3218,Tübach,1219129.382,2912366.669,2.389
611,Kiesen,699728.415,1670945.754,2.388
6137,Martigny-Combe,497638.372,1188016.796,2.387
1067,Udligenswil,2308800.739,5511730.394,2.387
4047,Würenlingen,3210530.483,7663253.740,2.387
5792,Montpreveyres,2170509.048,5177844.041,2.386
4079,Unterlunkhofen,1251296.633,2984083.879,2.385
703,Reconvilier,716331.211,1708194.493,2.385
3214,Mörschwil,4167596.678,9936839.704,2.384
91,Niederweningen,1240545.443,2957204.206,2.384
2578,Gunzgen,1286234.027,3066085.014,2.384
5512,Bercher,718357.498,1712247.067,2.384
4716,Bettwiesen,721451.924,1718435.919,2.382
1501,Beckenried,2643952.562,6297496.960,2.382
137,Oberrieden,1113578.266,2652270.549,2.382
4776,Tobel-Tägerschen,1303629.387,3103474.872,2.381
956,Rüegsau,2835566.563,6749902.410,2.380
5205,Muzzano,1082475.213,2576551.556,2.380
593,Unterseen,3378558.548,8040025.632,2.380
5745,Baulmes,1451239.412,3453542.966,2.380
6286,Lalden,388530.791,924567.642,2.380
2856,Ormalingen,1478656.431,3517786.563,2.379
2336,Semsales,1071402.860,2548038.766,2.378
6627,Laconnex,1829593.617,4349282.245,2.377
5702,Arzier-Le Muids,2999097.546,7126470.016,2.376
114,Fischenthal,2136946.610,5076303.632,2.375
1205,Bürglen (UR),4337161.847,10297703.661,2.374
627,Worb,7785581.145,18480986.150,2.374
2254,Courtepin,1251848.709,2971291.752,2.374
3006,Urnäsch,1206473.449,2863075.384,2.373
3782,Celerina/Schlarigna,3412752.095,8097849.012,2.373
159,Uetikon am See,1880529.271,4461658.043,2.373
3732,Flims,5327714.419,12639570.549,2.372
6110,Leuk,4710011.609,11173555.709,2.372
4228,Boswil,589322.098,1396897.219,2.370
731,Aegerten,1065678.491,2525971.963,2.370
6605,Bardonnex,2757919.361,6534446.130,2.369
2582,Rickenbach (SO),754398.067,1787108.679,2.369
2211,Neyruz (FR),750005.670,1775543.411,2.367
756,Twann-Tüscherz,870229.651,2059916.114,2.367
6451,Cornaux,752671.128,1780874.328,2.366
979,Herzogenbuchsee,2638323.534,6242341.552,2.366
717,Valbirse,1507317.598,3565699.338,2.366
9073,Thunersee,5866655.456,13874167.497,2.365
412,Kirchberg (BE),3030986.279,7167729.565,2.365
5422,Aubonne,3467977.904,8198971.850,2.364
90,Niederhasli,2915229.625,6891999.811,2.364
6730,Val Terbi,4146439.867,9801700.497,2.364
3102,Gonten,2273598.033,5373792.280,2.364
5423,Ballens,1516760.824,3584585.790,2.363
332,Madiswil,2579407.665,6095664.503,2.363
4170,Laufenburg,3145931.945,7434403.040,2.363
4691,Münsterlingen,2395838.246,5661181.004,2.363
883,Seftigen,1059936.066,2504351.946,2.363
4080,Villmergen,3565501.294,8423213.002,2.362
2029,Montagny (FR),763669.272,1802870.616,2.361
628,Zäziwil,765021.919,1805575.909,2.360
6113,Salgesch,765194.717,1805921.506,2.360
7,Knonau,765366.865,1806265.801,2.360
2516,Deitingen,765366.865,1806265.801,2.360
5939,Yvonand,765366.865,1806265.801,2.360
31,Henggart,765366.865,1806265.801,2.360
6757,Saignelégier,765366.865,1806265.801,2.360
5766,Vuiteboeuf,765366.865,1806265.801,2.360
6455,Le Landeron,765366.865,1806265.801,2.360
1023,Ballwil,765366.865,1806265.801,2.360
434,Courtelary,765366.865,1806265.801,2.360
491,Brüttelen,765366.865,1806265.801,2.360
995,Wiedlisbach,765366.865,1806265.801,2.360
2849,Itingen,765366.865,1806265.801,2.360
554,Wiler bei Utzenstorf,765366.865,1806265.801,2.360
2055,Cheyres-Châbles,765366.865,1806265.801,2.360
971,Attiswil,765366.865,1806265.801,2.360
5425,Bière,765366.865,1806265.801,2.360
4132,Birrwil,765366.865,1806265.801,2.360
605,Bowil,765366.865,1806265.801,2.360
6287,Randa,765366.865,1806265.801,2.360
2186,Cottens (FR),765366.865,1806265.801,2.360
4237,Oberrüti,765366.865,1806265.801,2.360
6753,Muriaux,1530733.729,3612531.602,2.360
1403,Giswil,766042.957,1807617.985,2.360
1,Aeugst am Albis,2883743.963,6803656.648,2.359
1136,Menznau,767467.349,1810466.769,2.359
5711,Commugny,1237264.970,2917745.681,2.358
983,Oberbipp,1277789.997,3013218.066,2.358
5236,Collina d'Oro,3726782.549,8787005.202,2.358
6709,Courroux,2291731.033,5402738.082,2.357
5498,La Sarraz,771037.518,1817607.107,2.357
2257,Cressier (FR),771196.001,1817924.074,2.357
5884,Corsier-sur-Vevey,3787343.737,8923612.820,2.356
2011,Cugy (FR),774444.318,1824420.707,2.356
213,Brütten,1451695.752,3419726.282,2.356
5415,Yvorne,1570346.147,3699212.095,2.356
1025,Ermensee,959436.257,2259692.018,2.355
1104,Triengen,2096775.218,4937605.263,2.355
3408,Uzwil,5209845.205,12266064.449,2.354
497,Lüscherz,777532.656,1830597.382,2.354
6452,Cressier (NE),778062.601,1831657.274,2.354
2493,Lostorf,3024324.006,7119560.968,2.354
68,Rorbas,1928533.688,4537754.341,2.353
723,La Neuveville,633018.706,1489210.706,2.353
4590,Hüttlingen,782474.181,1840480.433,2.352
992,Wangen an der Aare,852842.988,2005914.762,2.352
2786,Grellingen,786186.141,1847904.353,2.350
791,Boltigen,786853.240,1849238.552,2.350
5725,Prangins,2612029.602,6137786.237,2.350
3201,Häggenschwil,215094.850,505430.974,2.350
5639,Lully (VD),1174845.299,2759071.162,2.348
5688,Syens,891684.312,2094027.566,2.348
3789,Sils im Engadin/Segl,3123720.440,7334485.587,2.348
2584,Starrkirch-Wil,723044.534,1697305.878,2.347
1094,Nottwil,2682706.855,6291942.137,2.345
5522,Fey,799175.390,1873882.852,2.345
323,Bannwil,799192.061,1873916.193,2.345
6609,Cartigny,2318932.513,5436857.444,2.345
2145,Le Pâquier (FR),800870.286,1877275.363,2.344
3784,Pontresina,4596531.917,10773100.717,2.344
6007,Naters,6540300.528,15317581.243,2.342
3752,Samnaun,4097056.146,9595066.848,2.342
2542,Bellach,2625957.110,6148250.210,2.341
5477,Cossonay,2370941.270,5549579.791,2.341
619,Oberdiessbach,812559.358,1900650.788,2.339
4255,Mumpf,1327632.740,3104240.764,2.338
586,Lütschental,815040.224,1905612.519,2.338
784,Innertkirchen,2135118.642,4988321.228,2.336
246,Oetwil an der Limmat,919590.841,2145938.059,2.334
6288,Saas-Almagell,2490500.587,5810698.722,2.333
4181,Wittnau,1663573.759,3878211.661,2.331
6635,Presinge,2037228.173,4749064.330,2.331
1502,Buochs,2765616.666,6446687.084,2.331
5180,Cureglia,981482.584,2286832.167,2.330
6253,Crans-Montana,11582167.925,26985404.681,2.330
6615,Collex-Bossy,2164847.929,5043728.779,2.330
6629,Meinier,2785903.526,6488312.632,2.329
4072,Niederwil (AG),2016134.431,4693153.170,2.328
4545,Diessenhofen,1681886.869,3914837.881,2.328
5743,Arnex-sur-Orbe,842688.827,1960909.724,2.327
1033,Inwil,1960598.554,4561292.358,2.326
4131,Beinwil am See,844881.605,1965295.280,2.326
4253,Magden,1674359.475,3893427.569,2.325
2274,Muntelier,331830.954,771067.135,2.324
5240,Val Mara,3223207.781,7487314.498,2.323
5655,Yens,854339.361,1984210.794,2.323
295,Horgen,8897481.281,20658613.412,2.322
2774,Schönenbuch,610974.972,1418294.611,2.321
93,Oberweningen,364959.263,847019.094,2.321
2620,Meltingen,563052.602,1306153.242,2.320
499,Siselen,303950.163,705031.451,2.320
2401,Egerkingen,2060154.129,4777401.341,2.319
100,Stadel,2148572.627,4980578.505,2.318
6626,Jussy,3707172.844,8589369.624,2.317
4202,Meisterschwanden,1532917.443,3551079.171,2.317
6219,Vernayaz,870711.075,2016954.221,2.316
2499,Stüsslingen,2184037.661,5058556.055,2.316
4209,Seon,1744709.838,4040483.819,2.316
5892,Blonay - Saint-Légier,7068389.542,16365268.338,2.315
4471,Bischofszell,1982564.144,4587049.111,2.314
6141,Saxon,880551.861,2036635.794,2.313
6290,Saas-Fee,4215578.661,9747107.978,2.312
5721,Gland,3324296.618,7686304.194,2.312
2121,Haut-Intyamon,3335942.593,7712784.123,2.312
4646,Ermatingen,1779168.588,4109401.319,2.310
219,Elsau,3007822.325,6942344.843,2.308
113,Dürnten,3954759.545,9124326.701,2.307
2422,Balsthal,3446957.799,7951866.872,2.307
762,Diemtigen,793270.466,1828737.694,2.305
4891,Berg (TG),1806265.801,4163595.744,2.305
4229,Bünzen,187786.633,432852.314,2.305
5208,Origlio,1317454.603,3035623.289,2.304
2479,Rodersdorf,907185.197,2089902.466,2.304
4065,Dottikon,888262.648,2046204.197,2.304
1630,Glarus Nord,11825456.916,27237149.016,2.303
152,Herrliberg,2758419.222,6352674.136,2.303
5406,Lavey-Morcles,426423.780,981482.028,2.302
331,Lotzwil,1461463.118,3363737.419,2.302
2785,Duggingen,1301861.338,2995176.450,2.301
5728,Signy-Avenex,1069837.324,2461258.033,2.301
584,Lauterbrunnen,11885610.193,27337646.598,2.300
3298,Walenstadt,1058447.170,2434008.256,2.300
4207,Schafisheim,1810711.017,4161500.375,2.298
25,Dachsen,926799.247,2129130.565,2.297
2063,Billens-Hennens,974723.080,2237713.057,2.296
94,Otelfingen,1825499.631,4190069.811,2.295
1026,Eschenbach (LU),1119929.779,2570348.097,2.295
3426,Zuzwil (SG),2820444.717,6472196.216,2.295
2175,Belfaux,1774046.097,4070249.926,2.294
889,Thurnen,936753.928,2149039.928,2.294
4197,Hallwil,956598.462,2194474.345,2.294
224,Pfungen,966460.316,2216470.597,2.293
5216,Pura,1498940.684,3437225.034,2.293
2421,Aedermannsdorf,795266.778,1822927.793,2.292
607,Freimettigen,163700.061,375129.695,2.292
181,Wila,1157960.991,2653173.744,2.291
1402,Engelberg,5291287.668,12122884.467,2.291
4303,Böttstein,2856986.083,6544651.686,2.291
2554,Riedholz,1871931.090,4287966.133,2.291
7009,Gamprin,3178878.043,7280553.501,2.290
6708,Courrendlin,3188194.033,7301390.237,2.290
1137,Nebikon,951396.452,2178324.975,2.290
35,Marthalen,1008946.060,2308696.205,2.288
5611,Savigny,3727285.124,8528836.199,2.288
2406,Oberbuchsiten,959432.977,2194398.024,2.287
603,Biglen,962325.073,2200182.217,2.286
3986,Tujetsch,2899897.243,6626390.699,2.285
4262,Wegenstetten,968029.154,2211590.379,2.285
6641,Troinex,1925177.408,4396169.378,2.284
3291,Bad Ragaz,3485495.385,7956466.361,2.283
5882,Chardonne,1323527.802,3020980.997,2.283
4111,Riniken,1449881.198,3309099.432,2.282
492,Erlach,980069.277,2235670.625,2.281
5752,Croy,367082.086,837144.089,2.281
3293,Mels,7182788.692,16374764.599,2.280
194,Greifensee,1008579.376,2297967.661,2.278
1099,Schenkon,2241223.166,5105014.072,2.278
2235,La Sonnaz,530792.131,1208909.414,2.278
2208,Matran,1396590.036,3179877.778,2.277
944,Uetendorf,2195676.655,4999126.254,2.277
2904,Neunkirch,1009922.438,2299011.155,2.276
6215,Massongex,999632.491,2274797.054,2.276
5675,Lucens,1000591.706,2276715.483,2.275
5409,Ollon,15337377.776,34878768.967,2.274
1083,Buttisholz,2953683.915,6714111.102,2.273
2216,Pierrafortscha,725603.520,1649381.396,2.273
4023,Bergdietikon,1805027.923,4103038.024,2.273
1311,Gersau,2621478.681,5954944.828,2.272
3619,Ilanz/Glion,4229294.883,9607178.936,2.272
9149,Bielersee (BE),2373470.465,5390152.974,2.271
418,Oberburg,963063.198,2186576.740,2.270
4591,Matzingen,2010891.759,4565521.288,2.270
3882,Küblis,921215.305,2091102.897,2.270
1088,Hildisrieden,1020789.942,2317111.956,2.270
2325,Châtel-Saint-Denis,1020940.447,2317412.966,2.270
6638,Satigny,8526903.814,19352210.110,2.270
869,Kaufdorf,1024026.051,2323584.173,2.269
2520,Halten,687278.016,1559434.573,2.269
227,Seuzach,2998163.354,6799586.742,2.268
884,Toffen,1030117.771,2335767.614,2.267
3112,Schwende-Rüte,4052261.507,9185071.320,2.267
1710,Walchwil,2067977.073,4687018.289,2.266
5931,Treycovagnes,614785.664,1393146.723,2.266
311,Schüpfen,1039051.473,2353635.017,2.265
5514,Bottens,1040898.936,2357329.943,2.265
4311,Leibstadt,1040898.936,2357329.943,2.265
5816,Corcelles-près-Payerne,1041719.116,2358970.304,2.264
2580,Kappel (SO),1050241.506,2376015.084,2.262
67,Rafz,2105003.098,4761070.339,2.262
2239,Grolley-Ponthaux,1052952.388,2381436.847,2.262
11,Ottenbach,1408874.214,3185856.650,2.261
3762,Scuol,8654253.111,19568922.539,2.261
902,Langnau im Emmental,4157038.106,9399444.410,2.261
928,Heimberg,2064642.761,4666215.287,2.260
2174,Avry,2097924.879,4740149.523,2.259
37,Ossingen,1064268.909,2404069.888,2.259
3791,Zuoz,1066747.088,2409026.248,2.258
6199,Raron,1073796.851,2423125.773,2.257
2527,Luterbach,1841186.662,4153999.727,2.256
2461,Schnottwil,1080060.058,2435652.188,2.255
6254,Noble-Contrée,2787548.671,6285113.010,2.255
623,Rubigen,1083854.202,2443240.476,2.254
4561,Felben-Wellhausen,1976146.995,4453819.283,2.254
3832,Grono,2226860.540,5017600.346,2.253
1401,Alpnach,2182211.338,4915486.820,2.253
177,Pfäffikon,5200149.864,11712120.105,2.252
216,Dinhard,1709903.879,3850193.947,2.252
5716,Eysins,1097826.859,2471661.391,2.251
2532,Subingen,1096259.689,2468051.450,2.251
2476,Hofstetten-Flüh,2015229.348,4536770.640,2.251
4421,Horn,1100776.354,2477084.780,2.250
4746,Münchwilen (TG),2349152.301,5283714.924,2.249
1150,Zell (LU),1106290.981,2488114.033,2.249
4411,Egnach,5366712.342,12065646.815,2.248
1706,Oberägeri,5358143.763,12041924.845,2.247
2427,Matzendorf,1292880.646,2904431.198,2.246
84,Dällikon,1117934.761,2511401.594,2.246
3217,Steinach,1510549.121,3391407.759,2.245
88,Neerach,1134970.005,2545472.082,2.243
2155,Vaulruz,1179468.565,2644744.884,2.242
2932,Beringen,2820569.169,6322053.890,2.241
72,Winkel,2285578.345,5122220.832,2.241
2403,Kestenholz,1142845.192,2561222.456,2.241
4711,Affeltrangen,1371595.970,3073572.056,2.241
763,Erlenbach im Simmental,1285022.385,2878912.150,2.240
5407,Leysin,2905248.660,6508494.765,2.240
409,Hindelbank,1149411.699,2574355.469,2.240
5714,Crassier,851171.025,1905945.380,2.239
387,Lengnau (BE),1394661.894,3120555.073,2.237
3274,Sennwald,6349880.547,14207232.706,2.237
9040,Greifensee,988120.553,2210331.705,2.237
4656,Güttingen,1172119.623,2619771.317,2.235
7011,Schellenberg,1799040.193,4019862.100,2.234
740,Ligerz,444418.637,992996.675,2.234
446,Tramelan,2351501.913,5254067.969,2.234
360,Wohlen bei Bern,8197892.517,18312224.109,2.234
4761,Sirnach,4544639.744,10148817.852,2.233
4039,Remetschwil,1215717.972,2714654.023,2.233
3572,Falera,1839969.350,4108126.838,2.233
3104,Schlatt-Haslen,610174.266,1362139.271,2.232
4254,Möhlin,2736501.166,6104763.582,2.231
769,Wimmis,1197864.963,2671261.997,2.230
6710,Courtételle,1437403.755,3204154.992,2.229
4571,Gachnang,3351417.714,7462502.373,2.227
6512,Val-de-Travers,8524776.554,18978277.607,2.226
5561,Grandson,2426194.379,5401293.580,2.226
117,Hinwil,4758923.202,10591323.183,2.226
5799,Servion,2452045.329,5455154.801,2.225
1081,Beromünster,5970569.834,13282641.041,2.225
744,Orpund,1561913.301,3474072.875,2.224
2953,Siblingen,1232922.636,2741377.343,2.223
61,Hüntwangen,639295.880,1421328.576,2.223
4831,Müllheim,1646804.384,3660635.106,2.223
6808,Clos du Doubs,1240070.803,2755673.678,2.222
4169,Kaisten,2872403.489,6381534.749,2.222
905,Rüderswil,1710357.094,3799338.647,2.221
3407,Oberuzwil,2639884.831,5862615.145,2.221
6784,Courgenay,1259263.739,2794059.550,2.219
345,Wynau,479527.296,1063594.813,2.218
3393,Lütisburg,635678.973,1409028.032,2.217
1404,Kerns,2970234.452,6582673.236,2.216
5266,Stabio,2602360.759,5767047.580,2.216
4222,Aristau,1277803.425,2830580.011,2.215
9,Mettmenstetten,1280504.174,2836540.419,2.215
552,Utzenstorf,1492550.450,3304109.698,2.214
111,Bäretswil,2589981.607,5731027.357,2.213
2117,Villaz,1302159.840,2879851.752,2.212
3273,Grabs,4000103.081,8843575.198,2.211
3723,Rhäzüns,1314041.215,2903614.501,2.210
4200,Hunzenschwil,1314544.828,2904616.762,2.210
5634,Echichens,2989991.707,6606301.460,2.209
2305,Schmitten (FR),1181718.064,2609945.452,2.209
4318,Schneisingen,1467784.203,3241585.730,2.208
5503,Vufflens-la-Ville,1317939.926,2910323.719,2.208
2618,Himmelried,1323827.629,2923187.330,2.208
3822,Mesocco,1324837.479,2925207.028,2.208
749,Studen (BE),1330350.704,2936233.478,2.207
5761,Romainmôtier-Envy,848242.411,1869036.977,2.203
5199,Mezzovico-Vira,1355412.922,2986357.916,2.203
3276,Wartau,2611229.888,5752801.916,2.203
3788,S-chanf,1357048.746,2989629.563,2.203
1214,Seedorf (UR),1363928.066,3003388.203,2.202
2124,Broc,1396516.964,3073968.654,2.201
4324,Zurzach,4700111.370,10345009.101,2.201
1143,Schötz,1374196.030,3023924.130,2.201
4041,Stetten (AG),1375286.708,3026105.487,2.200
4185,Böztal,2755605.347,6062274.836,2.200
3275,Sevelen,2710706.732,5963155.697,2.200
6413,Rochefort,1886052.636,4148393.918,2.200
5646,Saint-Prex,1649516.622,3626752.652,2.199
3395,Bütschwil-Ganterschwil,4044954.313,8891168.914,2.198
3037,Walzenhausen,1360680.251,2989429.060,2.197
6139,Riddes,1401660.874,3078853.818,2.197
2321,Attalens,1551489.647,3402687.545,2.193
4536,Basadingen-Schlattingen,1429994.630,3135521.330,2.193
909,Trubschachen,1431799.739,3139131.550,2.192
3031,Grub (AR),1559607.264,3418744.346,2.192
4864,Steckborn,1216881.902,2665460.515,2.190
2974,Wilchingen,1417939.094,3104201.596,2.189
1037,Rain,1464723.407,3206143.674,2.189
5830,Villarzel,1447816.321,3168010.807,2.188
4476,Erlen,1469295.061,3214122.194,2.188
101,Steinmaur,1474544.310,3224620.691,2.187
2068,Châtonnaye,1469778.056,3213727.977,2.187
2338,La Verrerie,787845.417,1721521.933,2.185
4724,Eschlikon,1488879.547,3253291.165,2.185
6292,St. Niklaus,2992367.276,6535798.695,2.184
667,Laupen,1444655.315,3154185.026,2.183
6487,Val-de-Ruz,10196026.663,22259548.477,2.183
2402,Härkingen,1622946.698,3542862.643,2.183
4551,Aadorf,3015187.803,6581935.220,2.183
5397,Centovalli,1477106.671,3223525.673,2.182
3202,Muolen,1515918.739,3307369.549,2.182
223,Neftenbach,3231135.803,7048125.549,2.181
1503,Dallenwil,1204052.867,2626203.348,2.181
5206,Neggio,488890.127,1065475.793,2.179
6283,Embd,1135769.825,2474855.892,2.179
3338,Schmerikon,1541463.045,3358458.161,2.179
298,Wiesendangen,2211076.053,4816900.023,2.179
1632,Glarus,4689744.516,10215226.066,2.178
5540,Montilliez,1570789.218,3417110.508,2.175
4806,Eschenz,1574680.217,3424963.807,2.175
2477,Metzerlen-Mariastein,1325839.152,2883515.069,2.175
3423,Niederhelfenschwil,3164132.699,6879329.542,2.174
2895,Waldenburg,1122817.691,2440669.277,2.174
2529,Oekingen,335058.489,727910.912,2.172
297,Bauma,3041985.961,6606541.415,2.172
6637,Russin,1606640.527,3488813.126,2.171
86,Dielsdorf,1844847.467,4005907.125,2.171
4501,Kradolf-Schönenberg,1613250.673,3502033.417,2.171
225,Rickenbach (ZH),917059.576,1990434.760,2.170
2793,Zwingen,1617156.804,3509845.678,2.170
6135,Leytron,1620893.842,3517319.754,2.170
4641,Altnau,1496226.318,3246762.899,2.170
2053,Belmont-Broye,1623605.544,3522743.159,2.170
5410,Ormont-Dessous,1625717.336,3526966.744,2.169
2404,Neuendorf,1741705.937,3776941.109,2.169
2304,St. Ursen,1651884.473,3581308.007,2.168
608,Grosshöchstetten,1640522.625,3556577.321,2.168
5926,Pomy,870719.546,1887027.460,2.167
1705,Neuheim,1648251.393,3572034.856,2.167
5072,Faido,4713627.629,10207202.548,2.165
1030,Hitzkirch,4617441.511,9996191.803,2.165
5905,Champvent,1678167.784,3631867.639,2.164
6022,Chamoson,1682751.027,3641034.125,2.164
1128,Ettiswil,2545899.999,5503462.118,2.162
6204,Steg-Hohtenn,1240044.550,2680417.326,2.162
443,Saint-Imier,1998933.478,4320625.374,2.161
4121,Villigen,1676703.724,3624109.826,2.161
5727,Saint-Cergue,1802108.537,3894142.236,2.161
843,Saanen,6508384.053,14062288.561,2.161
2920,Thayngen,1722295.960,3720123.992,2.160
6057,Fiesch,1727697.790,3730927.650,2.159
392,Pieterlen,1727905.155,3731343.374,2.159
4186,Herznach-Ueken,1728629.254,3732790.580,2.159
3542,Albula/Alvra,4847101.522,10466217.196,2.159
5803,Vulliens,629088.189,1357991.556,2.159
4511,Zihlschlacht-Sitterdorf,1498866.515,3234872.010,2.158
3392,Kirchberg (SG),5156372.151,11128162.304,2.158
2622,Zullwil,604201.175,1303886.382,2.158
3007,Waldstatt,1766168.836,3810104.880,2.157
632,Wichtrach,1764042.348,3803616.768,2.156
1121,Alberswil,896620.463,1932642.947,2.155
2299,Plaffeien,5597690.818,12063252.771,2.155
2572,Däniken,1846000.893,3977644.857,2.155
1127,Egolzwil,282604.026,608814.476,2.154
5249,Castel San Pietro,1935177.734,4168538.304,2.154
1125,Dagmersellen,1795388.902,3866309.875,2.153
2455,Lüterkofen-Ichertswil,204434.019,440225.247,2.153
1091,Mauensee,1028045.936,2213525.074,2.153
2613,Breitenbach,1805152.081,3885836.233,2.153
6240,Lens,3794451.150,8165003.546,2.152
3342,Eschenbach (SG),9956747.874,21417754.618,2.151
5097,Brissago,1825486.339,3926504.749,2.151
357,Oberbalm,930178.966,2000549.848,2.151
6119,Turtmann-Unterems,1225717.691,2635428.658,2.150
6023,Conthey,3739558.988,8039813.912,2.150
1505,Ennetbürgen,1841018.352,3957568.775,2.150
6021,Ardon,1059572.116,2277705.599,2.150
5451,Avenches,1940662.708,4171682.774,2.150
2292,Brünisried,977666.884,2101183.938,2.149
3972,Seewis im Prättigau,472773.294,1015623.920,2.148
3961,Grüsch,1388830.334,2983115.407,2.148
1008,Schüpfheim,1872329.886,4020191.844,2.147
2328,Granges (Veveyse),1160623.341,2491927.073,2.147
3256,Rüthi (SG),1882927.682,4041387.434,2.146
2054,Estavayer,4360526.645,9357415.763,2.146
903,Lauperswil,1625732.055,3487937.066,2.145
4841,Pfyn,1862333.582,3993266.999,2.144
5693,Montanaire,3215696.140,6893065.326,2.144
610,Herbligen,160053.818,342996.240,2.143
4546,Schlatt (TG),1927869.251,4131270.573,2.143
3352,Ebnat-Kappel,1950492.907,4176517.886,2.141
1370,Rothenthurm,1956700.572,4188933.215,2.141
573,Brienz (BE),1249126.068,2673384.956,2.140
1062,Malters,2295445.631,4912558.312,2.140
626,Walkringen,1978333.716,4232199.503,2.139
3982,Disentis/Mustér,1982924.221,4241380.514,2.139
301,Aarberg,1994206.536,4263945.143,2.138
292,Stammheim,2010564.266,4296660.602,2.137
4921,Bussnang,4016173.788,8581608.737,2.137
341,Schwarzhäusern,104328.804,222816.279,2.136
3401,Degersheim,2037269.407,4350070.885,2.135
2478,Nuglar-St. Pantaleon,1845763.327,3940951.896,2.135
411,Kernenried,417397.759,891043.670,2.135
4313,Leuggern,2689081.689,5739441.933,2.134
4851,Salenstein,1285333.805,2742974.126,2.134
34,Laufen-Uhwiesen,1346782.026,2873744.438,2.134
2833,Seltisberg,1444401.498,3081948.496,2.134
4951,Wigoltingen,1377745.384,2939528.573,2.134
4683,Lengwil,2066903.715,4409339.502,2.133
3233,Berneck,1767848.574,3771361.986,2.133
172,Fehraltorf,2150476.067,4587390.208,2.133
2250,Courgevaux,315468.047,672876.703,2.133
662,Ferenbalm,2081584.889,4438701.850,2.132
39,Thalheim an der Thur,914427.024,1949532.002,2.132
294,Elgg,2126778.612,4529089.294,2.130
6111,Leukerbad,2140737.953,4557007.978,2.129
2621,Nunningen,2183102.839,4641737.748,2.126
120,Wald (ZH),3606869.461,7666343.671,2.125
4431,Roggwil (TG),2269317.528,4818724.451,2.123
855,Schwarzenburg,6474699.672,13747988.918,2.123
2135,Gruyères,2380254.822,5052727.192,2.123
879,Riggisberg,2257528.741,4790589.553,2.122
2495,Niedergösgen,1456582.931,3085713.239,2.118
561,Adelboden,6782981.910,14363451.007,2.118
5395,Lema,4707338.102,9965740.346,2.117
2480,Seewen,2360491.411,4996514.893,2.117
5398,Gambarogno,9333761.439,19754830.969,2.116
1069,Weggis,2384159.950,5043851.970,2.116
3424,Oberbüren,4144779.924,8766647.452,2.115
5636,Etoy,2139438.488,4523979.908,2.115
2556,Selzach,2418978.391,5113488.854,2.114
4194,Dintikon,1087799.391,2298759.635,2.113
5859,Mont-sur-Rolle,1525310.801,3222031.905,2.112
1511,Wolfenschiessen,2431453.530,5135289.547,2.112
6604,Avusy,1884079.487,3978809.919,2.112
4125,Schinznach,2520273.819,5319217.377,2.111
2262,Gurmels,2499187.640,5273907.351,2.110
4279,Murgenthal,2299507.957,4851702.293,2.110
954,Huttwil,2695097.849,5684828.808,2.109
228,Turbenthal,1613121.120,3402290.088,2.109
907,Signau,2900652.853,6115896.891,2.108
5831,Valbroye,2554242.497,5384017.066,2.108
1373,Steinen,2571481.635,5418495.341,2.107
5238,Monteceneri,2615621.645,5506775.361,2.105
6293,Stalden (VS),2225531.713,4683756.271,2.105
5263,Riva San Vitale,2143288.701,4509789.222,2.104
4,Hausen am Albis,2654757.672,5585047.415,2.104
303,Grossaffoltern,2664128.811,5603789.694,2.103
2097,Rue,2675350.905,5626233.881,2.103
5239,Tresa,7187365.850,15104989.088,2.102
3396,Neckertal,5453391.425,11458386.407,2.101
4941,Märstetten,2735019.784,5745571.639,2.101
5048,Acquarossa,2740129.713,5755791.497,2.101
982,Niederönz,766573.375,1608351.202,2.098
6620,Dardagny,2909329.155,6101594.598,2.097
1510,Stansstad,2849117.956,5973767.983,2.097
668,Mühleberg,2852605.687,5980743.445,2.097
3313,Kaltbrunn,2888499.725,6052531.522,2.095
4239,Sins,2731982.647,5724169.799,2.095
3034,Rehetobel,2731727.975,5721932.944,2.095
1508,Oberdorf (NW),2062434.587,4319635.553,2.094
792,Lenk,2970921.318,6217374.707,2.093
58,Glattfelden,2496361.919,5216225.890,2.090
3543,Surses,5927505.400,12384131.646,2.089
4306,Fisibach,491226.050,1026050.550,2.089
6010,Termen,1187828.374,2480985.022,2.089
4666,Kemmental,3112103.384,6499738.839,2.089
182,Wildberg,1269891.827,2651655.133,2.088
4031,Künten,934710.756,1950930.440,2.087
307,Meikirch,2674033.009,5580588.489,2.087
2306,Tafers,5255536.983,10961412.016,2.086
57,Freienstein-Teufen,1395437.520,2910386.152,2.086
59,Hochfelden,499268.076,1041205.427,2.085
2887,Lampenberg,801339.176,1671126.051,2.085
3272,Gams,3251843.308,6779218.687,2.085
2236,Gibloux,3276353.329,6828238.728,2.084
5715,Duillier,1242251.138,2588280.406,2.084
3951,Fläsch,443079.529,922271.004,2.082
1209,Gurtnellen,3295159.817,6858540.893,2.081
1140,Reiden,3572954.482,7435711.445,2.081
4172,Münchwilen (AG),663901.098,1380683.349,2.080
3038,Wolfhalden,1406423.022,2924755.472,2.080
6810,La Baroche,3551285.121,7378102.313,2.078
5269,Breggia,3563379.912,7399252.326,2.076
1097,Rickenbach (LU),832992.687,1729527.368,2.076
880,Rüeggisberg,3689755.052,7655042.175,2.075
5568,Sainte-Croix,3731871.991,7739276.054,2.074
3946,Untervaz,1107239.478,2295701.984,2.073
957,Sumiswald,3799748.874,7875029.820,2.073
3002,Hundwil,1420633.146,2942201.949,2.071
1001,Doppleschwand,80198.897,166016.645,2.070
5744,Ballaigues,1625549.459,3364077.367,2.070
6156,Troistorrents,3984179.377,8243890.825,2.069
3582,Schluein,1102874.487,2280940.301,2.068
6232,Chalais,2591495.171,5358901.657,2.068
5862,Tartegnin,374452.714,774152.574,2.067
2276,Ried bei Kerzers,906971.707,1875094.855,2.067
4124,Bözberg,4166140.530,8607813.132,2.066
6025,Vétroz,1809710.575,3736391.855,2.065
3237,Thal,3163403.369,6530596.517,2.064
3731,Felsberg,1183589.706,2442661.116,2.064
5856,Essertines-sur-Rolle,852387.888,1758304.779,2.063
5496,Penthaz,553119.609,1140451.586,2.062
372,Evilard,1780413.740,3670496.678,2.062
1631,Glarus Süd,9258637.050,19078976.946,2.061
6265,Savièse,4556688.915,9388909.901,2.060
6198,Niedergesteln,1073851.303,2212288.303,2.060
2842,Böckten,483974.965,996758.762,2.060
6118,Gampel-Bratsch,1491561.456,3071220.282,2.059
3254,Oberriet (SG),4685776.417,9647084.906,2.059
1010,Escholzmatt-Marbach,4807167.322,9889866.715,2.057
9089,Brienzersee,1758988.940,3618377.132,2.057
322,Auswil,109493.660,225124.102,2.056
4256,Obermumpf,1246829.508,2562079.300,2.055
5742,Agiez,834552.822,1712469.840,2.052
6037,Val de Bagnes,5408877.656,11093287.383,2.051
5623,Buchillon,499454.609,1024193.801,2.051
746,Safnern,1211183.421,2482916.862,2.050
4112,Rüfenach,1508765.704,3092860.871,2.050
6294,Staldenried,907499.522,1857838.271,2.047
4165,Gipf-Oberfrick,889887.138,1821098.762,2.046
938,Sigriswil,3403384.638,6964275.523,2.046
543,Mattstetten,508359.616,1039243.657,2.044
6004,Eggerberg,39997.370,81749.820,2.044
563,Frutigen,6452179.823,13179891.718,2.043
6285,Grächen,1818026.033,3708267.896,2.040
102,Weiach,939909.735,1916540.951,2.039
868,Jaberg,105632.587,215308.323,2.038
6721,Rossemaison,806976.307,1644295.236,2.038
3640,Sils im Domleschg,1171114.429,2382135.924,2.034
2131,Echarlens,1035893.390,2105782.526,2.033
732,Bellmund,1423959.448,2892659.268,2.031
5260,Novazzano,2491262.530,5056290.675,2.030
3316,Weesen,943008.336,1913893.635,2.030
1005,Hasle (LU),1146028.293,2325253.450,2.029
3663,Masein,1011282.225,2051572.110,2.029
6289,Saas-Balen,1381195.263,2800134.307,2.027
3005,Stein (AR),1571118.400,3181230.649,2.025
5722,Grens,434876.181,880143.704,2.024
6417,La Grande Béroche,3026061.884,6121593.755,2.023
4193,Brunegg,723620.620,1463714.277,2.023
7101,Büsingen am Hochrhein,284595.454,575628.890,2.023
1139,Pfaffnau,2714278.097,5488798.314,2.022
2869,Zunzgen,840316.056,1696962.834,2.019
2528,Obergerlafingen,575581.711,1160765.713,2.017
941,Thierachern,2601726.126,5244224.119,2.016
3891,Luzein,3454938.118,6963194.428,2.015
1203,Attinghausen,1210150.658,2438710.849,2.015
2575,Fulenbach,1585191.074,3193754.401,2.015
33,Kleinandelfingen,819744.323,1651377.103,2.015
5631,Denens,705700.008,1419907.448,2.012
2234,La Brillaz,1299955.743,2615000.100,2.012
4028,Freienwil,459454.101,924228.389,2.012
2971,Hallau,929590.113,1869429.033,2.011
305,Kappelen,802601.588,1613627.846,2.010
4107,Mülligen,635616.671,1277415.450,2.010
3444,Waldkirch,3416099.325,6862227.403,2.009
3513,Lantsch/Lenz,1809076.517,3632612.769,2.008
2295,Bösingen,1370158.801,2750975.277,2.008
735,Epsach,532974.672,1069028.169,2.006
5396,Terre di Pedemonte,1166599.752,2339419.244,2.005
5527,Morrens (VD),545506.400,1093846.895,2.005
867,Gurzelen,921374.261,1847209.057,2.005
3211,Berg (SG),212585.425,426124.800,2.004
4285,Strengelbach,2037577.313,4083444.758,2.004
2860,Rünenberg,667179.491,1336840.513,2.004
2919,Stetten (SH),922119.126,1846971.389,2.003
5904,Chamblon,813636.455,1629544.326,2.003
5484,Gollion,469961.635,941011.475,2.002
2548,Hubersdorf,477617.985,956307.270,2.002
4091,Auenstein,1004920.140,2011932.272,2.002
4084,Islisberg,522968.776,1046985.275,2.002
3712,Zillis-Reischen,281916.589,564319.062,2.002
6702,Boécourt,1906367.289,3815901.536,2.002
7010,Ruggell,2239007.168,4481525.022,2.002
783,Hasliberg,4038649.991,8082665.530,2.001
556,Zielebach,332042.085,664332.672,2.001
4120,Veltheim (AG),1448548.157,2898148.102,2.001
4881,Amlikon-Bissegg,2529090.659,5059984.300,2.001
2087,Mézières (FR),602167.416,1204748.787,2.001
663,Frauenkappelen,1085938.084,2172352.478,2.000
4234,Merenschwand,1893272.657,3787104.223,2.000
1039,Römerswil,3265812.864,6532008.933,2.000
6281,Baltschieder,970428.394,1940893.094,2.000
41,Truttikon,275532.071,551064.143,2.000
40,Trüllikon,827416.601,1654833.202,2.000
5701,Arnex-sur-Nyon,366030.611,732061.223,2.000
6703,Bourrignon,933809.723,1867619.446,2.000
6712,Develier,1865641.881,3731283.763,2.000
6748,Les Genevez (JU),1157006.245,2314012.490,2.000
6704,Châtillon (JU),484551.044,969102.087,2.000
394,Wengi,571261.748,1142523.497,2.000
405,Ersigen,1765926.654,3531853.308,2.000
402,Alchenstorf,1085497.829,2170995.658,2.000
6713,Ederswiler,352141.796,704283.593,2.000
5661,Boulens,257396.477,514792.953,2.000
5654,Vullierens,291714.060,583428.119,2.000
5665,Chavannes-sur-Moudon,65350.664,130701.328,2.000
407,Heimiswil,1903997.120,3807994.240,2.000
5652,Villars-sous-Yens,475529.088,951058.176,2.000
6722,Saulcy,137800.984,275601.967,2.000
6724,Soyhières,558429.045,1116858.090,2.000
38,Rheinau,1188305.184,2376610.369,2.000
6741,Le Bémont (JU),275532.071,551064.143,2.000
413,Koppigen,1119265.153,2238530.306,2.000
5669,Curtilles,315839.301,631678.603,2.000
6742,Les Bois,836184.623,1672369.246,2.000
5671,Dompierre (VD),275534.512,551069.024,2.000
6718,Movelier,997143.167,1994286.334,2.000
403,Bäriswil,470943.159,941886.318,2.000
5645,Romanel-sur-Morges,429265.154,858530.308,2.000
6719,Pleigne,616096.171,1232192.342,2.000
414,Krauchthal,1517601.265,3035202.530,2.000
6743,Les Breuleux,745027.845,1490055.690,2.000
6716,Mettembert,631305.404,1262610.808,2.000
5683,Prévonloup,395525.164,791050.327,2.000
422,Rüti bei Lyssach,31367.092,62734.183,2.000
6715,Mervelier,1003535.526,2007071.051,2.000
424,Wynigen,802052.551,1604105.102,2.000
445,Sonvilier,275532.071,551064.143,2.000
5637,Lavigny,848613.000,1697226.001,2.000
5554,Concise,1625826.724,3251653.448,2.000
5556,Fiez,487338.637,974677.275,2.000
5557,Fontaines-sur-Grandson,286870.963,573741.926,2.000
5559,Giez,94588.766,189177.532,2.000
12,Rifferswil,937428.339,1874856.678,2.000
5560,Grandevent,681.731,1363.461,2.000
22,Benken (ZH),275532.071,551064.143,2.000
5565,Onnens (VD),398988.511,797977.021,2.000
5566,Provence,275532.071,551064.143,2.000
23,Berg am Irchel,710714.356,1421428.712,2.000
7004,Triesenberg,1760490.795,3520981.591,2.000
24,Buch am Irchel,794371.795,1588743.589,2.000
26,Dorf,275532.071,551064.143,2.000
5571,Tévenon,275532.071,551064.143,2.000
541,Iffwil,843512.143,1687024.285,2.000
502,Vinelz,483009.390,966018.780,2.000
5555,Corcelles-près-Concise,275532.071,551064.143,2.000
5553,Champagne,516388.692,1032777.384,2.000
6812,Basse-Vendline,997618.141,1995236.282,2.000
5552,Bullet,894253.960,1788507.919,2.000
557,Zuzwil (BE),407093.987,814187.973,2.000
6,Kappel am Albis,1070677.814,2141355.628,2.000
5515,Bretigny-sur-Morrens,305836.373,611672.745,2.000
5520,Essertines-sur-Yverdon,550162.707,1100325.415,2.000
5523,Froideville,572124.042,1144248.085,2.000
7301,Campione d'Italia,89665.769,179331.539,2.000
5529,Oulens-sous-Echallens,524289.499,1048578.997,2.000
5530,Pailly,716243.320,1432486.640,2.000
5533,Poliez-Pittet,564920.353,1129840.706,2.000
5534,Rueyres,490865.712,981731.425,2.000
5535,Saint-Barthélemy (VD),743046.005,1486092.009,2.000
5537,Villars-le-Terroir,638566.001,1277132.002,2.000
5539,Vuarrens,1230331.134,2460662.269,2.000
5541,Goumoëns,933592.419,1867184.838,2.000
5551,Bonvillars,888201.243,1776402.485,2.000
501,Tschugg,832661.115,1665322.230,2.000
6811,Damphreux-Lugnez,1159653.812,2319307.623,2.000
431,Corgémont,278225.796,556451.593,2.000
6785,Courtedoux,660626.558,1321253.116,2.000
6782,Cornol,784131.980,1568263.960,2.000
6781,Coeuve,691656.767,1383313.533,2.000
6778,Bure,754330.387,1508660.774,2.000
5621,Aclens,298354.915,596709.830,2.000
6774,Boncourt,275532.071,551064.143,2.000
5622,Bremblens,387381.761,774763.522,2.000
6771,Alle,967252.011,1934504.022,2.000
6758,Saint-Brais,255556.681,511113.362,2.000
441,Renan (BE),324859.979,649719.958,2.000
438,Orvin,499881.172,999762.344,2.000
6751,Montfaucon,541581.767,1083163.534,2.000
435,La Ferrière,541751.903,1083503.807,2.000
433,Cortébert,275532.071,551064.143,2.000
432,Cormoret,275532.071,551064.143,2.000
6750,Lajoux (JU),1348639.804,2697279.608,2.000
6783,Courchavon,285735.217,571470.433,2.000
6789,Fahy,571999.326,1143998.653,2.000
498,Müntschemier,275532.071,551064.143,2.000
5610,Saint-Saphorin (Lavaux),273225.570,546451.141,2.000
495,Gampelen,520052.580,1040105.161,2.000
494,Gals,763629.676,1527259.351,2.000
6809,Haute-Ajoie,1216397.983,2432795.967,2.000
450,Péry-La Heutte,580355.202,1160710.405,2.000
449,Sauge,247081.648,494163.296,2.000
448,Villeret,275532.071,551064.143,2.000
6807,Basse-Allaine,1804201.193,3608402.386,2.000
5601,Chexbres,410944.534,821889.068,2.000
6806,Vendlincourt,275532.071,551064.143,2.000
5604,Forel (Lavaux),1399241.995,2798483.989,2.000
28,Flaach,1029356.838,2058713.675,2.000
6792,Grandfontaine,576377.829,1152755.658,2.000
6790,Fontenais,1615644.024,3231288.047,2.000
5704,Begnins,1666335.706,3332671.412,2.000
5609,Rivaz,184023.708,368047.415,2.000
5703,Bassins,696873.813,1393747.626,2.000
6109,Inden,606946.435,1213892.870,2.000
43,Volken,275769.051,551538.102,2.000
5913,Donneloye,1107814.936,2215629.873,2.000
6211,Collonges,98713.452,197426.905,2.000
6205,Bettmeralp,1910967.281,3821934.562,2.000
5908,Chêne-Pâquier,1172.764,2345.527,2.000
309,Radelfingen,1500712.964,3001425.928,2.000
5910,Cronay,818293.236,1636586.473,2.000
5911,Cuarny,880.454,1760.908,2.000
5912,Démoret,768693.004,1537386.008,2.000
6203,Mörel-Filet,279443.161,558886.321,2.000
5934,Valeyres-sous-Ursins,57367.841,114735.682,2.000
5914,Ependes (VD),275532.071,551064.143,2.000
5919,Mathod,549603.287,1099206.574,2.000
5921,Molondin,291544.860,583089.720,2.000
5923,Oppens,275532.071,551064.143,2.000
5925,Orzens,275532.071,551064.143,2.000
6202,Wiler (Lötschen),1584321.302,3168642.604,2.000
5930,Suscévaz,716965.595,1433931.189,2.000
5902,Belmont-sur-Yverdon,816.400,1632.800,2.000
310,Rapperswil (BE),1629639.989,3259279.977,2.000
6212,Dorénaz,777028.219,1554056.439,2.000
312,Seedorf (BE),4056843.114,8113686.228,2.000
6235,Chippis,571188.785,1142377.570,2.000
5854,Burtigny,819877.519,1639755.037,2.000
5855,Dully,416335.784,832671.568,2.000
5857,Gilly,973149.786,1946299.572,2.000
5858,Luins,276953.871,553907.741,2.000
6218,Salvan,1493279.926,2986559.852,2.000
5860,Perroy,672780.870,1345561.741,2.000
325,Busswil bei Melchnau,258828.583,517657.167,2.000
5863,Vinzel,265159.391,530318.781,2.000
226,Schlatt (ZH),1370184.712,2740369.424,2.000
5871,L'Abbaye,635015.378,1270030.756,2.000
5872,Le Chenit,2058358.823,4116717.645,2.000
5873,Le Lieu,1172358.841,2344717.682,2.000
6214,Finhaut,706362.061,1412724.121,2.000
324,Bleienbach,527253.534,1054507.069,2.000
6201,Unterbäch,564747.091,1129494.181,2.000
304,Kallnach,275532.071,551064.143,2.000
6238,Grône,1191851.688,2383703.377,2.000
6089,Vex,1868326.485,3736652.971,2.000
6061,Lax,278305.277,556610.553,2.000
6082,Ayent,3412039.208,6824078.416,2.000
6142,Trient,103128.383,206256.766,2.000
6083,Evolène,275532.071,551064.143,2.000
6084,Hérémence,248718.460,497436.919,2.000
6140,Saillon,1494024.940,2988049.880,2.000
6134,Isérables,396839.937,793679.874,2.000
6133,Fully,3488971.009,6977942.018,2.000
302,Bargen (BE),276080.464,552160.929,2.000
6131,Bovernier,275532.071,551064.143,2.000
6101,Agarn,189935.769,379871.537,2.000
6102,Albinen,2129726.739,4259453.478,2.000
6117,Guttet-Feschel,75950.296,151900.593,2.000
6116,Varen,301330.656,602661.312,2.000
6112,Oberems,263925.939,527851.878,2.000
6104,Ergisch,123384.325,246768.650,2.000
6151,Champéry,911319.959,1822639.918,2.000
6058,Fieschertal,479671.729,959343.459,2.000
6056,Ernen,366734.743,733469.486,2.000
6154,Port-Valais,275532.071,551064.143,2.000
6008,Ried-Brig,2057080.930,4114161.860,2.000
6197,Kippel,538134.796,1076269.592,2.000
6195,Ferden,626274.270,1252548.540,2.000
6193,Bürchen,25186.097,50372.194,2.000
6192,Blatten,709409.758,1418819.515,2.000
6191,Ausserberg,1101205.985,2202411.970,2.000
6024,Nendaz,5987143.167,11974286.334,2.000
6181,Riederalp,2024055.732,4048111.464,2.000
6177,Grengiols,572692.628,1145385.256,2.000
6034,Orsières,1681722.324,3363444.649,2.000
6159,Vouvry,835952.004,1671904.007,2.000
6158,Vionnaz,1506535.279,3013070.559,2.000
6157,Val-d'Illiez,1833944.892,3667889.785,2.000
6052,Bellwald,1331846.287,2663692.574,2.000
6155,Saint-Gingolph,229311.278,458622.556,2.000
5853,Bursins,432735.024,865470.048,2.000
6239,Icogne,845789.477,1691578.955,2.000
5705,Bogis-Bossey,276443.386,552886.771,2.000
173,Hittnau,1513484.865,3026969.729,2.000
95,Regensberg,500590.753,1001181.505,2.000
98,Schleinikon,4903.445,9806.890,2.000
6610,Céligny,558566.130,1117132.260,2.000
390,Meinisberg,1083146.477,2166292.954,2.000
6601,Aire-la-Ville,747987.038,1495974.075,2.000
6511,Les Verrières,1266224.241,2532448.483,2.000
388,Leuzigen,491823.234,983646.467,2.000
178,Russikon,2490275.306,4980550.613,2.000
386,Dotzigen,275532.071,551064.143,2.000
6437,Les Ponts-de-Martel,1803089.204,3606178.407,2.000
180,Weisslingen,2161437.434,4322874.868,2.000
5726,La Rippe,374509.154,749018.309,2.000
6435,La Chaux-du-Milieu,1910492.997,3820985.995,2.000
6434,Le Cerneux-Péquignot,275532.071,551064.143,2.000
6433,Brot-Plamboz,551064.143,1102128.285,2.000
6432,La Brévine,275532.071,551064.143,2.000
391,Oberwil bei Büren,565419.572,1130839.144,2.000
5719,Gingins,378879.204,757758.409,2.000
87,Hüttikon,284925.840,569851.681,2.000
85,Dänikon,561782.656,1123565.312,2.000
5706,Borex,451065.674,902131.348,2.000
5707,Chavannes-de-Bogis,710087.078,1420174.156,2.000
5708,Chavannes-des-Bois,276526.116,553052.231,2.000
60,Höri,762686.530,1525373.061,2.000
5709,Chéserex,487527.549,975055.097,2.000
5710,Coinsins,640386.793,1280773.586,2.000
65,Oberembrach,285228.871,570457.742,2.000
393,Rüti bei Büren,521871.089,1043742.177,2.000
5713,Crans (VD),1118494.966,2236989.933,2.000
70,Wasterkingen,275532.071,551064.143,2.000
71,Wil (ZH),653663.403,1307326.807,2.000
5717,Founex,1135488.522,2270977.045,2.000
81,Bachs,925610.247,1851220.493,2.000
82,Boppelsen,504343.352,1008686.703,2.000
6624,Gy,665805.651,1331611.302,2.000
6423,La Sagne,1380285.887,2760571.774,2.000
5731,Le Vaud,472266.221,944532.442,2.000
5852,Bursinel,485351.954,970703.907,2.000
5827,Trey,437461.857,874923.715,2.000
5804,Jorat-Menthue,2234402.306,4468804.611,2.000
339,Rohrbachgraben,14114.106,28228.212,2.000
5812,Champtauroz,549891.379,1099782.758,2.000
6282,Eisten,2282470.619,4564941.238,2.000
5817,Grandcour,547160.521,1094321.043,2.000
5819,Henniez,214333.230,428666.460,2.000
333,Melchnau,1253223.318,2506446.635,2.000
6267,Veysonnaz,544798.424,1089596.849,2.000
5732,Vich,565033.480,1130066.960,2.000
5841,Château-d'Oex,2273468.340,4546936.681,2.000
5842,Rossinière,815646.736,1631293.472,2.000
220,Hagenbuch,786008.627,1572017.254,2.000
5843,Rougemont,550796.886,1101593.772,2.000
6263,Grimisuat,1182878.592,2365757.184,2.000
6261,Arbaz,170732.674,341465.347,2.000
6252,Anniviers,2722099.989,5444199.977,2.000
218,Ellikon an der Thur,275532.071,551064.143,2.000
342,Thunstetten,1880583.577,3761167.153,2.000
344,Ursenbach,27253.385,54506.769,2.000
215,Dättlikon,348261.970,696523.939,2.000
211,Altikon,551064.143,1102128.285,2.000
383,Büren an der Aare,1510276.981,3020553.962,2.000
5746,Bavois,275532.071,551064.143,2.000
6299,Zeneggen,93589.055,187178.110,2.000
5747,Bofflens,3532.424,7064.848,2.000
5748,Bretonnières,275532.071,551064.143,2.000
381,Arch,758351.796,1516703.593,2.000
5750,Les Clées,342317.224,684634.448,2.000
5755,Lignerolle,720386.166,1440772.331,2.000
5756,Montcherand,590741.465,1181482.929,2.000
5760,Rances,630558.460,1261116.921,2.000
6298,Visperterminen,2522157.454,5044314.907,2.000
5763,Valeyres-sous-Rances,535232.124,1070464.249,2.000
214,Dägerlen,1256455.512,2512911.024,2.000
6296,Törbel,6383.738,12767.476,2.000
6090,Mont-Noble,743087.232,1486174.463,2.000
4616,Uesslingen-Buch,532202.711,1064405.423,2.000
5501,Sullens,333018.733,666037.467,2.000
3405,Jonschwil,1894853.114,3789706.229,2.000
3219,Untereggen,1173900.880,2347801.760,2.000
1374,Steinerberg,267784.618,535569.236,2.000
1371,Sattel,1810535.451,3621070.902,2.000
1369,Riemenstalden,130448.588,260897.175,2.000
1368,Oberiberg,1057926.058,2115852.116,2.000
1367,Muotathal,4393590.718,8787181.436,2.000
3252,Eichberg,1350535.273,2701070.547,2.000
1366,Morschach,2523576.390,5047152.779,2.000
1365,Lauerz,1218717.967,2437435.933,2.000
1363,Illgau,556302.950,1112605.899,2.000
3292,Flums,5167317.120,10334634.241,2.000
3294,Pfäfers,3982510.700,7965021.400,2.000
3295,Quarten,3098184.977,6196369.954,2.000
1361,Alpthal,434567.345,869134.690,2.000
1347,Tuggen,1861092.396,3722184.792,2.000
3311,Amden,3043055.630,6086111.260,2.000
1345,Reichenburg,1065657.871,2131315.742,2.000
1220,Wassen,944075.459,1888150.919,2.000
1219,Unterschächen,551064.143,1102128.285,2.000
3341,Gommiswald,5302068.192,10604136.384,2.000
3359,Wildhaus-Alt St. Johann,4820575.842,9641151.684,2.000
3360,Nesslau,2456633.670,4913267.340,2.000
1218,Spiringen,1650766.988,3301533.976,2.000
1217,Sisikon,275532.071,551064.143,2.000
3394,Mosnang,2663010.775,5326021.549,2.000
1375,Unteriberg,1647614.360,3295228.720,2.000
1405,Lungern,1132825.947,2265651.894,2.000
3212,Eggersriet,2001117.200,4002234.399,2.000
2951,Beggingen,445622.308,891244.615,2.000
2894,Titterten,591920.517,1183841.034,2.000
2901,Gächlingen,659184.649,1318369.298,2.000
2903,Löhningen,275532.071,551064.143,2.000
2914,Büttenhardt,275532.071,551064.143,2.000
2915,Dörflingen,698883.073,1397766.146,2.000
2917,Lohn (SH),444422.704,888845.408,2.000
2931,Bargen (SH),429385.019,858770.037,2.000
2933,Buchberg,361369.312,722738.623,2.000
2936,Merishausen,849961.138,1699922.275,2.000
2016,Fétigny,977425.823,1954851.646,2.000
2938,Rüdlingen,1259756.458,2519512.916,2.000
2952,Schleitheim,1742568.220,3485136.440,2.000
3111,Oberegg,1189212.303,2378424.606,2.000
2961,Buch (SH),404785.082,809570.163,2.000
2962,Hemishofen,275532.071,551064.143,2.000
2963,Ramsen,733426.760,1466853.519,2.000
2972,Oberhallau,275532.071,551064.143,2.000
3003,Schönengrund,244118.830,488237.659,2.000
3004,Schwellbrunn,1456978.127,2913956.254,2.000
1506,Ennetmoos,1758927.294,3517854.588,2.000
3033,Lutzenberg,1105578.158,2211156.315,2.000
3035,Reute (AR),859093.409,1718186.819,2.000
3036,Wald (AR),1012740.248,2025480.496,2.000
1504,Emmetten,1754342.211,3508684.421,2.000
1215,Seelisberg,2062009.640,4124019.280,2.000
3422,Niederbüren,1586094.029,3172188.058,2.000
2025,Lully (FR),121493.907,242987.814,2.000
3441,Andwil (SG),943010.085,1886020.170,2.000
1132,Hergiswil bei Willisau,1451637.134,2903274.268,2.000
1131,Grossdietwil,682203.874,1364407.748,2.000
1129,Fischbach,987702.630,1975405.261,2.000
3792,Bregaglia,1769466.251,3538932.501,2.000
3804,Buseno,76057.916,152115.831,2.000
3805,Castaneda,253308.617,506617.234,2.000
3821,Lostallo,1432233.826,2864467.651,2.000
3823,Soazza,744335.888,1488671.776,2.000
3831,Cama,682899.269,1365798.538,2.000
3834,Roveredo (GR),1099614.432,2199228.864,2.000
3835,San Vittore,1001187.949,2002375.897,2.000
3837,Calanca,551064.143,1102128.285,2.000
3847,Val Müstair,1623667.225,3247334.451,2.000
3861,Fideris,1246260.752,2492521.505,2.000
3863,Jenaz,1154613.140,2309226.280,2.000
3881,Conters im Prättigau,5211.189,10422.379,2.000
3911,Churwalden,3614377.495,7228754.990,2.000
3921,Arosa,5370229.769,10740459.538,2.000
1123,Altishofen,347213.860,694427.721,2.000
1122,Altbüron,987080.570,1974161.139,2.000
3952,Jenins,467509.711,935019.422,2.000
3981,Breil/Brigels,1631380.259,3262760.518,2.000
3985,Sumvitg,551064.143,1102128.285,2.000
3987,Trun,293538.403,587076.806,2.000
3988,Obersaxen Mundaun,4685475.847,9370951.695,2.000
3783,Madulain,337758.797,675517.594,2.000
3764,Valsot,1810341.021,3620682.041,2.000
3734,Trin,1721345.878,3442691.756,2.000
3638,Scharans,735581.629,1471163.259,2.000
1212,Realp,275998.865,551997.730,2.000
1211,Isenthal,551064.143,1102128.285,2.000
1210,Hospental,275532.071,551064.143,2.000
3514,Schmitten (GR),645296.269,1290592.538,2.000
3551,Brusio,550419.863,1100839.727,2.000
3561,Poschiavo,615735.782,1231471.563,2.000
3581,Sagogn,979804.593,1959609.186,2.000
3603,Vals,551064.143,1102128.285,2.000
3618,Lumnezia,3424444.704,6848889.409,2.000
3633,Fürstenau,575720.300,1151440.601,2.000
3637,Rothenbrunnen,534502.950,1069005.900,2.000
3661,Cazis,3129876.360,6259752.720,2.000
1142,Roggliswil,687036.567,1374073.134,2.000
3662,Flerden,630170.970,1260341.940,2.000
3669,Tschappina,999341.165,1998682.330,2.000
3670,Urmein,844908.336,1689816.672,2.000
3672,Safiental,1113780.745,2227561.489,2.000
3673,Domleschg,2561349.460,5122698.920,2.000
3695,Sufers,275532.071,551064.143,2.000
3701,Andeer,1285447.160,2570894.321,2.000
3714,Rheinwald,963799.762,1927599.525,2.000
3715,Muntogna da Schons,275532.071,551064.143,2.000
1147,Wikon,1376387.218,2752774.436,2.000
1145,Ufhusen,334198.687,668397.374,2.000
2022,Gletterens,489706.436,979412.872,2.000
2027,Ménières,275532.071,551064.143,2.000
5499,Senarclens,275532.071,551064.143,2.000
2149,La Roche,1340144.579,2680289.158,2.000
2523,Horriwil,534799.139,1069598.278,2.000
2524,Hüniken,268030.933,536061.866,2.000
2238,Bois-d'Amont,2302281.929,4604563.858,2.000
2237,Prez,1389598.870,2779197.740,2.000
2535,Drei Höfe,548289.684,1096579.368,2.000
2541,Balm bei Günsberg,282620.155,565240.310,2.000
2233,Hauterive (FR),2199680.738,4399361.477,2.000
2230,Villarsel-sur-Marly,234359.832,468719.665,2.000
2547,Günsberg,769688.488,1539376.976,2.000
2226,Treyvaux,1254622.929,2509245.857,2.000
2551,Lommiswil,880360.296,1760720.592,2.000
2220,Le Mouret,830200.880,1660401.760,2.000
2555,Rüttenen,854871.996,1709743.992,2.000
2571,Boningen,1141559.116,2283118.233,2.000
2194,Ferpicloz,254318.370,508636.740,2.000
2173,Autigny,66331.007,132662.014,2.000
2163,Val-de-Charmey,2162650.570,4325301.141,2.000
2162,Bas-Intyamon,521902.576,1043805.153,2.000
2153,Sorens,111049.896,222099.793,2.000
2611,Bärschwil,792073.231,1584146.463,2.000
2614,Büsserach,949969.852,1899939.705,2.000
2615,Erschwil,487635.104,975270.207,2.000
2616,Fehren,521139.257,1042278.513,2.000
2617,Grindel,450301.424,900602.849,2.000
2619,Kleinlützel,995346.623,1990693.245,2.000
2518,Etziken,559660.114,1119320.228,2.000
2258,Fräschels,275532.071,551064.143,2.000
2514,Bolken,279566.251,559132.502,2.000
2430,Welschenrohr-Gänsbrunnen,2227335.384,4454670.768,2.000
2307,Tentlingen,455458.053,910916.106,2.000
2303,St. Silvester,1519926.384,3039852.769,2.000
2301,Rechthalten,1187385.210,2374770.421,2.000
2300,Plasselb,539055.758,1078111.517,2.000
2391,Staatswald Galm,18102.038,36204.076,2.000
2405,Niederbuchsiten,620146.300,1240292.600,2.000
2296,Heitenried,747401.377,1494802.755,2.000
2424,Herbetswil,749762.849,1499525.698,2.000
2425,Holderbank (SO),765363.503,1530727.007,2.000
2426,Laupersdorf,793130.635,1586261.271,2.000
2428,Mümliswil-Ramiswil,1525530.068,3051060.136,2.000
2445,Biezwil,494011.474,988022.948,2.000
2511,Aeschi (SO),774346.090,1548692.181,2.000
2457,Messen,1191844.963,2383689.925,2.000
2464,Lüsslingen-Nennigkofen,670246.680,1340493.360,2.000
2465,Buchegg,551407.076,1102814.152,2.000
2294,Giffers,1229585.751,2459171.502,2.000
2472,Büren (SO),616345.193,1232690.386,2.000
2474,Gempen,275532.071,551064.143,2.000
2475,Hochwald,677675.758,1355351.517,2.000
2278,Ulmiz,608298.406,1216596.813,2.000
2492,Kienberg,520567.593,1041135.186,2.000
2272,Misery-Courtion,275532.071,551064.143,2.000
2266,Kleinbösingen,107845.085,215690.169,2.000
2152,Sâles,643857.479,1287714.958,2.000
2140,Marsens,703409.472,1406818.944,2.000
2889,Lauwil,275532.071,551064.143,2.000
2138,Jaun,1903811.678,3807623.355,2.000
2848,Hemmiken,619635.235,1239270.470,2.000
2050,Les Montets,541986.690,1083973.379,2.000
2850,Känerkinden,288751.010,577502.020,2.000
2851,Kilchberg (BL),346040.213,692080.425,2.000
2852,Läufelfingen,275532.071,551064.143,2.000
2853,Maisprach,546004.636,1092009.272,2.000
2854,Nusshof,10693.229,21386.458,2.000
2855,Oltingen,558554.240,1117108.479,2.000
2045,Vallon,533127.888,1066255.775,2.000
2857,Rickenbach (BL),543592.942,1087185.884,2.000
2858,Rothenfluh,569206.058,1138412.115,2.000
2859,Rümlingen,378143.225,756286.450,2.000
2044,Surpierre,252799.253,505598.505,2.000
2041,Saint-Aubin (FR),275532.071,551064.143,2.000
2863,Tenniken,307947.981,615895.962,2.000
2864,Thürnen,823997.418,1647994.836,2.000
2865,Wenslingen,761445.878,1522891.755,2.000
2867,Wittinsburg,502261.341,1004522.682,2.000
2868,Zeglingen,586923.118,1173846.235,2.000
2881,Arboldswil,877081.903,1754163.806,2.000
2883,Bretzwil,1051172.821,2102345.641,2.000
2884,Diegten,1267287.597,2534575.195,2.000
2885,Eptingen,551064.143,1102128.285,2.000
2035,Nuvilly,275532.071,551064.143,2.000
2888,Langenbruck,1249371.427,2498742.854,2.000
2051,Delley-Portalban,612061.233,1224122.465,2.000
2845,Diepflingen,201192.689,402385.378,2.000
2844,Buus,1370813.532,2741627.065,2.000
2788,Liesberg,1015374.439,2030748.878,2.000
2137,Hauteville,700398.166,1400796.332,2.000
2134,Grandvillard,36691.562,73383.125,2.000
2130,Crésuz,397701.893,795403.785,2.000
2129,Corbières,687904.959,1375809.917,2.000
2128,Châtel-sur-Montsalvens,559726.395,1119452.790,2.000
2123,Botterens,70097.010,140194.020,2.000
2122,Pont-en-Ogoz,1196796.464,2393592.929,2.000
2782,Brislach,929466.765,1858933.530,2.000
2783,Burg im Leimental,275532.071,551064.143,2.000
2784,Dittingen,706417.267,1412834.533,2.000
2115,Torny,551064.143,1102128.285,2.000
2789,Nenzlingen,529593.893,1059187.786,2.000
2843,Buckten,552073.269,1104146.537,2.000
2790,Roggenburg,461458.516,922917.032,2.000
2791,Röschenz,767751.315,1535502.631,2.000
2792,Wahlen,853747.205,1707494.410,2.000
2821,Arisdorf,1578186.711,3156373.422,2.000
2113,Vuisternens-devant-Romont,1364713.071,2729426.142,2.000
2102,Ursy,1757728.876,3515457.753,2.000
2099,Siviriez,1406285.497,2812570.994,2.000
2826,Giebenach,326677.492,653354.983,2.000
2827,Hersberg,380952.880,761905.761,2.000
2830,Lupsingen,855660.926,1711321.851,2.000
2841,Anwil,880552.435,1761104.871,2.000
1089,Knutwil,1098043.474,2196086.949,2.000
4004,Densbüren,1297145.963,2594291.926,2.000
1086,Grosswangen,1276433.542,2552867.083,2.000
665,Gurbrü,267698.805,535397.611,2.000
5050,Serravalle,1437843.248,2875686.496,2.000
5061,Airolo,1597339.990,3194679.980,2.000
5073,Giornico,1504902.713,3009805.425,2.000
5076,Personico,135422.169,270844.337,2.000
5077,Pollegio,802618.318,1605236.636,2.000
5079,Quinto,2392805.126,4785610.251,2.000
724,Nods,470621.538,941243.075,2.000
711,Sorvilier,275532.071,551064.143,2.000
707,Saules (BE),7908.765,15817.529,2.000
706,Saicourt,275532.071,551064.143,2.000
704,Roches (BE),281324.183,562648.366,2.000
696,Loveresse,64543.021,129086.043,2.000
694,Grandval,293421.865,586843.730,2.000
692,Eschert,98387.110,196774.220,2.000
5125,Ronco sopra Ascona,1564194.591,3128389.182,2.000
691,Crémines,862901.207,1725802.414,2.000
5138,Cugnasco-Gerra,1921915.938,3843831.876,2.000
690,Court,275532.071,551064.143,2.000
5143,Aranno,1002824.462,2005648.923,2.000
5144,Arogno,1340370.833,2680741.665,2.000
687,Corcelles (BE),135446.130,270892.260,2.000
681,Belprahon,20380.710,40761.419,2.000
5154,Bissone,461398.373,922796.746,2.000
5160,Brusino Arsizio,1542901.699,3085803.398,2.000
5161,Cademario,1094186.036,2188372.072,2.000
5049,Blenio,2863270.331,5726540.661,2.000
726,Plateau de Diesse,1570076.228,3140152.456,2.000
5010,Lumino,855804.400,1711608.801,2.000
4741,Lommis,1174213.582,2348427.163,2.000
4611,Thundorf,1237634.972,2475269.945,2.000
4621,Warth-Weiningen,1572642.310,3145284.619,2.000
4651,Gottlieben,33298.294,66596.587,2.000
4681,Langrickenbach,2049697.917,4099395.833,2.000
761,Därstetten,508501.421,1017002.842,2.000
755,Worben,1075173.668,2150347.336,2.000
4701,Wäldi,1151403.781,2302807.563,2.000
754,Walperswil,435040.427,870080.854,2.000
4721,Bichelsee-Balterswil,1089791.562,2179583.123,2.000
4723,Braunau,552671.784,1105343.568,2.000
4726,Fischingen,2071574.652,4143149.304,2.000
4756,Schönholzerswilen,2077921.287,4155842.574,2.000
734,Bühl,564834.919,1129669.838,2.000
748,Schwadernau,682746.369,1365492.737,2.000
747,Scheuren,356750.538,713501.076,2.000
4791,Wuppenau,1287344.985,2574689.971,2.000
4811,Herdern,920584.494,1841168.988,2.000
4816,Homburg,928558.520,1857117.039,2.000
4821,Hüttwilen,1786793.342,3573586.684,2.000
741,Merzligen,675922.634,1351845.267,2.000
4846,Raperswilen,275532.071,551064.143,2.000
4901,Birwinken,2001264.917,4002529.833,2.000
738,Jens,635230.812,1270461.624,2.000
737,Hermrigen,447425.213,894850.426,2.000
666,Kriechenwil,604543.525,1209087.049,2.000
630,Allmendingen,1011975.463,2023950.926,2.000
1084,Eich,473976.707,947953.413,2.000
622,Oppligen,30050.314,60100.627,2.000
564,Kandergrund,2270211.915,4540423.830,2.000
5426,Bougy-Villars,692.748,1385.497,2.000
5427,Féchy,554625.197,1109250.393,2.000
5428,Gimel,1452312.247,2904624.495,2.000
5429,Longirod,275532.071,551064.143,2.000
5430,Marchissy,444089.768,888179.535,2.000
5434,Saint-George,963134.682,1926269.364,2.000
5435,Saint-Livres,472449.448,944898.895,2.000
5436,Saint-Oyens,275532.071,551064.143,2.000
5437,Saubraz,275532.071,551064.143,2.000
5456,Cudrefin,551064.143,1102128.285,2.000
5458,Faoug,275532.071,551064.143,2.000
5464,Vully-les-Lacs,819729.642,1639459.284,2.000
5471,Bettens,458976.798,917953.595,2.000
5472,Bournens,393721.141,787442.281,2.000
5473,Boussens,527511.770,1055023.540,2.000
5480,Daillens,548186.420,1096372.839,2.000
5482,Eclépens,1063548.512,2127097.024,2.000
5485,Grancy,499915.328,999830.655,2.000
5486,L'Isle,513485.080,1026970.161,2.000
5489,Mex (VD),831322.788,1662645.576,2.000
5492,Montricher,916965.918,1833931.836,2.000
5493,Orny,20489.349,40978.698,2.000
562,Aeschi bei Spiez,2875252.160,5750504.319,2.000
5497,Pompaples,473734.081,947468.161,2.000
565,Kandersteg,1571844.564,3143689.127,2.000
566,Krattigen,739265.003,1478530.007,2.000
5413,Roche (VD),887242.676,1774485.351,2.000
579,Habkern,790545.035,1581090.070,2.000
5203,Morcote,2132078.893,4264157.786,2.000
615,Mirchel,344.946,689.892,2.000
592,Schwanden bei Brienz,889147.817,1778295.634,2.000
589,Oberried am Brienzersee,386315.535,772631.071,2.000
588,Niederried bei Interlaken,167652.153,335304.305,2.000
5230,Vernate,682061.972,1364123.943,2.000
5233,Vico Morcote,565803.443,1131606.886,2.000
5237,Alto Malcantone,2551056.525,5102113.050,2.000
585,Leissigen,400577.375,801154.751,2.000
582,Iseltwald,953177.802,1906355.605,2.000
580,Hofstetten bei Brienz,910091.578,1820183.157,2.000
575,Därligen,499991.341,999982.681,2.000
567,Reichenbach im Kandertal,457748.444,915496.888,2.000
574,Brienzwiler,669281.064,1338562.128,2.000
5287,Riviera,5160747.542,10321495.085,2.000
5310,Cevio,1811293.069,3622586.137,2.000
5317,Maggia,2444071.359,4888142.718,2.000
5324,Avegno Gordevio,1025473.732,2050947.464,2.000
572,Bönigen,1020319.366,2040638.732,2.000
5403,Chessel,551064.143,1102128.285,2.000
5404,Corbeyrier,5626.651,11253.302,2.000
5405,Gryon,1522175.640,3044351.279,2.000
571,Beatenberg,3337161.450,6674322.900,2.000
5411,Ormont-Dessus,4415415.987,8830831.974,2.000
4606,Stettfurt,1160473.278,2320946.556,2.000
4601,Neunforn,692323.950,1384647.901,2.000
766,Oberwil im Simmental,572140.489,1144280.977,2.000
767,Reutigen,1314027.433,2628054.866,2.000
4099,Habsburg,378169.404,756338.809,2.000
945,Unterlangenegg,1670574.429,3341148.858,2.000
4105,Mandach,275532.071,551064.143,2.000
4106,Mönthal,289282.219,578564.438,2.000
4110,Remigen,924217.541,1848435.082,2.000
4117,Thalheim (AG),548724.214,1097448.429,2.000
4122,Villnachern,806193.779,1612387.557,2.000
943,Uebeschi,1200245.744,2400491.489,2.000
4134,Dürrenäsch,1110377.954,2220755.907,2.000
4136,Holziken,552523.415,1105046.830,2.000
936,Pohlern,1159325.333,2318650.666,2.000
4138,Leutwil,563239.500,1126479.000,2.000
935,Oberlangenegg,254818.094,509636.187,2.000
931,Homberg,59867.196,119734.392,2.000
4142,Schlossrued,1361012.495,2722024.990,2.000
4143,Schmiedrued,1610430.624,3220861.249,2.000
927,Heiligenschwendi,1259178.249,2518356.498,2.000
925,Fahrni,1548316.096,3096632.193,2.000
923,Buchholterberg,1225778.456,2451556.912,2.000
922,Blumenstein,1384551.384,2769102.769,2.000
4161,Eiken,903937.398,1807874.796,2.000
921,Amsoldingen,1030888.791,2061777.582,2.000
4164,Gansingen,1072489.643,2144979.286,2.000
4173,Oberhof,1004327.216,2008654.432,2.000
4175,Oeschgen,665554.706,1331109.411,2.000
948,Forst-Längenbühl,1382282.134,2764564.269,2.000
4093,Birrhard,881565.606,1763131.213,2.000
951,Affoltern im Emmental,1102828.745,2205657.490,2.000
4064,Büttikon,633948.645,1267897.290,2.000
1068,Vitznau,1280909.701,2561819.402,2.000
1066,Schwarzenberg,2076886.879,4153773.757,2.000
1064,Meierskappel,1224574.076,2449148.152,2.000
1056,Greppen,392971.049,785942.098,2.000
1041,Schongau,1202206.946,2404413.891,2.000
1032,Hohenrain,2679516.291,5359032.582,2.000
1021,Aesch (LU),714561.597,1429123.194,2.000
1004,Flühli,5123603.787,10247207.575,2.000
4046,Wohlenschwil,852293.564,1704587.129,2.000
989,Thörigen,272409.959,544819.918,2.000
988,Seeberg,2658517.328,5317034.655,2.000
4066,Eggenwil,351381.381,702762.761,2.000
952,Dürrenroth,1267533.213,2535066.426,2.000
4067,Fischbach-Göslikon,814239.246,1628478.492,2.000
4068,Hägglingen,812140.480,1624280.960,2.000
980,Inkwil,458729.937,917459.874,2.000
977,Heimenhausen,1007387.608,2014775.217,2.000
973,Bettenhausen,1018208.333,2036416.666,2.000
960,Wyssachen,55296.247,110592.494,2.000
4076,Sarmenstorf,957010.020,1914020.040,2.000
4077,Tägerig,784885.117,1569770.233,2.000
4078,Uezwil,387399.709,774799.419,2.000
958,Trachselwald,470.244,940.489,2.000
953,Eriswil,1029742.985,2059485.970,2.000
4176,Schwaderloch,275532.071,551064.143,2.000
4177,Sisseln,947504.238,1895008.477,2.000
4182,Wölflinswil,762841.369,1525682.738,2.000
853,Rüschegg,2107868.177,4215736.355,2.000
4273,Bottenwil,727755.445,1455510.889,2.000
4274,Brittnau,2444399.953,4888799.906,2.000
4275,Kirchleerau,659373.505,1318747.010,2.000
4276,Kölliken,637041.479,1274082.957,2.000
4277,Moosleerau,497384.532,994769.065,2.000
4281,Reitnau,983125.545,1966251.091,2.000
4283,Safenwil,533707.800,1067415.600,2.000
4284,Staffelbach,776007.465,1552014.929,2.000
4286,Uerkheim,1815852.011,3631704.022,2.000
4287,Vordemwald,1787495.097,3574990.194,2.000
866,Gerzensee,992637.242,1985274.484,2.000
4307,Full-Reuenthal,946516.420,1893032.840,2.000
4263,Zeiningen,1025479.721,2050959.443,2.000
852,Guggisberg,2745158.134,5490316.267,2.000
841,Gsteig,1300967.227,2601934.454,2.000
4314,Mellikon,408470.312,816940.623,2.000
4319,Siglistorf,481495.902,962991.805,2.000
793,St. Stephan,892625.656,1785251.311,2.000
4406,Dozwil,304126.512,608253.025,2.000
4416,Hefenhofen,2074031.711,4148063.422,2.000
4441,Salmsach,401912.999,803825.998,2.000
4446,Sommeri,577434.722,1154869.445,2.000
770,Stocken-Höfen,2195135.418,4390270.836,2.000
4495,Hohentannen,96128.760,192257.520,2.000
4264,Zuzgen,826959.633,1653919.266,2.000
4261,Wallbach,325706.481,651412.961,2.000
4183,Zeihen,654876.878,1309753.757,2.000
4224,Beinwil (Freiamt),389.921,779.843,2.000
4184,Mettauertal,2615533.628,5231067.257,2.000
4191,Ammerswil,600796.373,1201592.746,2.000
908,Trub,1623935.904,3247871.807,2.000
4195,Egliswil,774672.462,1549344.924,2.000
906,Schangnau,794049.275,1588098.550,2.000
904,Röthenbach im Emmental,1439753.817,2879507.634,2.000
901,Eggiwil,3436645.572,6873291.144,2.000
4208,Seengen,1231251.240,2462502.480,2.000
888,Wald (BE),2290174.056,4580348.112,2.000
4221,Abtwil,654493.037,1308986.073,2.000
4223,Auw,839073.744,1678147.488,2.000
4226,Besenbüren,7120.410,14240.819,2.000
872,Kirchdorf (BE),688456.348,1376912.696,2.000
4227,Bettwil,459868.582,919737.164,2.000
886,Wattenwil,1442133.265,2884266.531,2.000
4231,Dietwil,679777.883,1359555.766,2.000
4232,Geltwil,754086.981,1508173.961,2.000
4235,Mühlau,275532.071,551064.143,2.000
4238,Rottenschwil,1011856.419,2023712.837,2.000
4240,Waltenschwil,867378.624,1734757.248,2.000
4251,Hellikon,701466.654,1402933.308,2.000
4257,Olsberg,582260.656,1164521.311,2.000
877,Niedermuhlern,595988.369,1191976.739,2.000
4259,Schupfart,587548.252,1175096.504,2.000
3312,Benken (SG),1538896.565,3077793.129,2.000
